ENROLID,DIAG,DIAGNOSIS_SERVICE_DATE,AGE_AT_DIAGNOSIS
2023_2790013103_1,R1110,20250509,21
2023_2790013103_1,D649,20250404,21
2023_2790013103_1,G43701,20250831,21
2023_2790013103_1,R2232,20250608,21
2023_2790013103_1,R053,20251125,21
2023_2790013103_1,H61112,20250105,20
2023_2790108101_1,R109,20250319,26
2023_2790120101_1,U071,20250301,64
2023_2790129103_1,J984,20250905,2
2023_2790129103_1,H6692,20251114,2
2023_2790181103_1,L989,20251124,44
2023_2790181103_1,E1169,20251203,44
2023_2790270102_1,F32A,20250821,44
2023_2790291102_1,J309,20250824,38
2023_2790291102_1,S99921A,20250212,38
2023_2790291105_1,U071,20250617,0
2023_2790327102_1,L987,20250503,55
2023_2790327102_1,L608,20250908,56
2023_2790426101_1,G893,20250411,26
2023_2790431102_1,E785,20250617,62
2023_2790474102_1,N926,20250414,47
2023_2790663101_1,K635,20250522,29
2023_2790700102_1,F909,20250203,16
2023_2790707102_1,E785,20250412,61
2023_2790707102_1,F32A,20251213,61
2023_2790707102_1,K047,20250616,61
2023_2790707102_1,E039,20250325,61
2023_2790707102_1,K0889,20250410,61
2023_2790707102_1,Z139,20250329,61
2023_2790709101_1,L659,20250221,31
2023_2790789101_1,B349,20251122,51
2023_2790789101_1,J45909,20250521,51
2023_2790806104_1,F4310,20250807,15
2023_2790806104_1,F419,20250623,15
2023_2790865101_1,E7800,20250524,49
2023_2790865101_1,I10,20251125,50
2023_2790865101_1,H527,20250926,50
2023_2790865101_1,E1122,20250507,49
2023_2790865101_1,R7303,20250528,50
2023_2790865103_1,R112,20250808,13
2023_2790940101_1,M25311,20250510,49
2023_2790940101_1,D4862,20250720,49
2023_2790940101_1,E079,20250219,49
2023_2790940101_1,G5781,20251121,49
2023_2791038102_1,D492,20251011,64
2023_2791038102_1,G43909,20250309,64
2023_2791038102_1,N5232,20250302,64
2023_2791038102_1,E039,20251222,65
2023_2791038102_1,K08109,20250810,64
2023_2791055102_1,M5416,20250223,28
2023_2791055102_1,U071,20251115,29
2023_2791240101_1,M25552,20250904,55
2023_2791240101_1,N200,20251108,55
2023_2791240101_1,F329,20251126,55
2023_2791240101_1,N6324,20250414,54
2023_2791271101_1,S89191A,20251016,45
2023_2791271101_1,T7840XA,20250807,45
2023_2791323102_1,E785,20250804,59
2023_2791323102_1,I480,20251108,60
2023_2791323102_1,I4892,20250510,59
2023_2791323102_1,T63511A,20250220,59
2023_2791323102_1,H1013,20250922,60
2023_2791323102_1,I519,20250128,59
2023_2791357109_1,J189,20250731,0
2023_2791357109_1,J4520,20250503,0
2023_2791357109_1,J9811,20250816,0
2023_2791361101_1,E785,20250220,56
2023_2791361101_1,I10,20250127,56
2023_2791443102_1,R21,20250120,28
2023_2791443102_1,Z3490,20251126,29
2023_2791463101_1,R030,20250426,39
2023_2791463101_1,M792,20251212,40
2023_2791463101_1,F419,20251121,40
2023_2791472101_1,H5789,20250521,60
2023_2791472101_1,J00,20250619,60
2023_2791472101_1,Z760,20250430,60
2023_2791472101_1,E7800,20250819,60
2023_2791472101_1,I10,20250823,60
2023_2791492104_1,J189,20250111,17
2023_2791514101_1,E559,20250512,52
2023_2791514101_1,Z780,20250121,52
2023_2791514101_1,R4182,20251015,53
2023_2791514101_1,K640,20250118,52
2023_2791514101_1,Z634,20250207,52
2023_2791536102_1,I10,20250501,63
2023_2791536102_1,H5711,20250318,63
2023_2791537103_1,F840,20251223,14
2023_2791537103_1,F419,20250724,13
2023_2791537103_1,G4700,20250910,13
2023_2791537103_1,F32A,20251016,13
2023_2791538101_1,N390,20250617,28
2023_2791538101_1,J3081,20250609,28
2023_2791538101_1,F32A,20251102,29
2023_2791538101_1,F419,20250323,28
2023_2791547101_1,I10,20250308,59
2023_2791547101_1,I38,20251125,60
2023_2791650101_1,K760,20250111,25
2023_2791650101_1,F4322,20250218,26
2023_2791650101_1,F209,20250201,25
2023_2791650101_1,F319,20250304,26
2023_2791650101_1,F419,20250117,25
2023_2791650101_1,F319,20250101,25
2023_2791650101_1,K219,20250327,26
2023_2791650101_1,F32A,20250304,26
2023_2791650101_1,F4323,20250105,25
2023_2791650101_1,E860,20250122,25
2023_2791650101_1,J45909,20250204,25
2023_2791650101_1,I10,20250121,25
2023_2791653101_1,E611,20250904,32
2023_2791653101_1,G43909,20250223,31
2023_2791653101_1,K5900,20251221,32
2023_2791675102_1,Z1211,20251018,63
2023_2791709101_1,Z302,20250329,29
2023_2791721101_1,Z3490,20251224,29
2023_2791721101_1,R109,20250720,29
2023_2791721101_1,E039,20250119,28
2023_2791803101_1,M5136,20251008,71
2023_2791803101_1,J9811,20250330,70
2023_2791803101_1,I10,20250513,71
2023_2791803101_1,G459,20250208,70
2023_2791803101_1,K219,20250409,70
2023_2791803101_1,C50411,20250430,70
2023_2791803101_1,M1990,20250322,70
2023_2791856101_1,M797,20250613,41
2023_2791856101_1,L309,20250612,41
2023_2791856101_1,Z781,20250213,41
2023_2791856101_1,F419,20251007,42
2023_2791856101_1,E063,20251126,42
2023_2791856101_1,J3081,20250325,41
2023_2791856101_1,E039,20251222,42
2023_2791872101_1,F32A,20251228,29
2023_2791872101_1,F418,20251021,28
2023_2791872101_1,F1920,20250628,28
2023_2791872101_2,F32A,20251228,29
2023_2791872101_2,F418,20251021,28
2023_2791872101_2,F1920,20250628,28
2023_2791927101_1,M797,20250508,48
2023_2791927101_1,M25512,20250916,49
2023_2791927101_1,M62838,20250412,48
2023_2791929102_1,U071,20250805,54
2023_2791929102_1,E785,20251027,54
2023_2791929102_1,R053,20250625,54
2023_2791958102_1,F4310,20250928,41
2023_2791958102_1,H6690,20250506,41
2023_2791958102_1,E669,20250906,41
2023_2791958102_1,L98499,20250301,41
2023_2791958102_1,J302,20250225,41
2023_2791958102_1,M549,20250925,41
2023_2792061102_1,G4733,20250518,38
2023_2792106101_1,I10,20250701,64
2023_2792106101_1,B029,20251227,65
2023_2792107105_1,L309,20250811,1
2023_2792184102_1,H9190,20250509,29
2023_2792184102_1,R509,20250728,29
2023_2792184102_1,G43909,20250106,28
2023_2792184102_1,F32A,20250625,29
2023_2792184102_1,G4733,20250406,29
2023_2792184102_1,F419,20250618,29
2023_2792184102_1,S060X1A,20250306,29
2023_2792205103_1,F32A,20250727,20
2023_2792205103_1,F410,20250808,20
2023_2792205103_1,M5416,20251225,21
2023_2792205103_1,B070,20250125,20
2023_2792205103_1,F99,20250416,20
2023_2792205105_1,M542,20250809,15
2023_2792205105_1,S93324A,20250427,14
2023_2792269102_1,F900,20250325,40
2023_2792305103_1,C50412,20251005,54
2023_2792305103_1,S4991XA,20250212,53
2023_2792305103_1,D490,20251028,54
2023_2792305103_1,J9811,20250721,53
2023_2792305103_1,M7712,20250212,53
2023_2792369103_1,L709,20250730,16
2023_2792465101_1,C61,20250521,54
2023_2792465101_1,J302,20251120,54
2023_2792465101_1,I10,20250719,54
2023_2792465101_1,G5601,20250117,53
2023_2792465101_1,U099,20250709,54
2023_2792465101_1,J45909,20250508,54
2023_2792465101_1,F419,20250612,54
2023_2792465101_1,K219,20250916,54
2023_2792569101_1,E785,20250719,62
2023_2792569101_1,E1169,20250204,62
2023_2792569101_1,I10,20251101,63
2023_2792709102_1,R12,20250424,28
2023_2792709102_2,R12,20250424,28
2023_2792783101_1,U071,20251214,53
2023_2792783101_1,E785,20251120,53
2023_2792783101_1,S39012A,20251216,53
2023_2792783101_1,F411,20251016,53
2023_2792783101_1,M5136,20250808,53
2023_2792783101_1,K219,20250827,53
2023_2792783101_1,J45909,20251217,53
2023_2792783101_1,R519,20251019,53
2023_2792783101_1,M797,20251211,53
2023_2792867101_1,K5080,20250626,49
2023_2792867101_1,M532X1,20251224,50
2023_2792871104_1,Z3490,20250409,24
2023_2792871104_1,R1084,20250422,24
2023_2792874101_1,F909,20250811,41
2023_2792874104_1,U071,20250501,2
2023_2792874104_1,J3081,20250105,1
2023_2792874104_1,R059,20251104,2
2023_2792874104_1,H6690,20251115,2
2023_2792889101_1,M1712,20250329,50
2023_2792889101_1,M5412,20251226,50
2023_2792889101_1,S83241A,20250213,49
2023_2792966102_1,E559,20250128,52
2023_2792966102_1,I10,20250326,52
2023_2792966102_1,J40,20250502,52
2023_2792966102_1,E871,20250918,53
2023_2792966102_1,M6289,20250628,53
2023_2792966102_1,E119,20250629,53
2023_2792966102_1,M1990,20251218,53
2023_2792966102_1,E785,20251221,53
2023_2792974101_1,M3500,20250918,65
2023_2792974101_1,L299,20251219,65
2023_2792974101_1,H4010X1,20250805,65
2023_2792974101_1,H269,20251218,65
2023_2792974101_1,M542,20251204,65
2023_2792974101_1,E1122,20250427,64
2023_2793054101_1,M533,20250427,65
2023_2793054101_1,E7800,20250116,64
2023_2793054101_1,I10,20250314,64
2023_2793123104_1,F419,20250108,16
2023_2793123104_1,F3281,20250801,16
2023_2793123104_1,G4733,20250904,16
2023_2793123104_1,F99,20250825,16
2023_2793123104_1,F4310,20250322,16
2023_2793123104_1,F418,20251116,16
2023_2793180104_1,R052,20250910,4
2023_2793187102_1,B349,20250507,33
2023_2793187102_1,H524,20250618,33
2023_2793187102_1,Z302,20250216,33
2023_2793187102_1,U071,20251018,33
2023_2793187102_1,E860,20250226,33
2023_2793215105_1,F419,20250907,15
2023_2793215105_1,R21,20250107,14
2023_2793223102_1,Z30430,20250116,37
2023_2793276101_1,U071,20251130,50
2023_2793276101_1,M25752,20251007,50
2023_2793276101_1,K766,20251110,50
2023_2793276101_1,I10,20250913,50
2023_2793276101_1,R059,20250926,50
2023_2793377102_1,E1151,20250430,51
2023_2793377102_2,E1151,20250430,51
2023_2793426101_1,E291,20250924,57
2023_2793426101_1,I10,20250407,56
2023_2793426101_1,E7879,20250419,56
2023_2793426101_1,G4733,20250928,57
2023_2793426101_1,M109,20250118,56
2023_2793426101_1,J309,20250626,56
2023_2793426101_1,E119,20250204,56
2023_2793516101_1,G4730,20250417,39
2023_2793516101_1,G43909,20250428,39
2023_2793516101_1,E785,20250116,39
2023_2793614101_1,E785,20250728,67
2023_2793659101_1,E1122,20251115,46
2023_2793659101_2,E1122,20251115,46
2023_2793665101_1,E785,20250509,50
2023_2793689101_1,I509,20251111,35
2023_2793689101_1,E873,20250820,35
2023_2793689101_1,F99,20250701,34
2023_2793689101_1,I10,20251002,35
2023_2793738102_1,R600,20250101,32
2023_2793738102_1,I10,20250618,32
2023_2793738102_1,Z3483,20251225,33
2023_2793738102_1,N281,20251113,32
2023_2793746101_1,F32A,20250207,32
2023_2793746101_1,F419,20250419,32
2023_2793758102_1,J209,20251119,46
2023_2793764101_1,Z302,20250407,47
2023_2793764101_1,M25762,20251007,48
2023_2793775102_1,U071,20251106,55
2023_2793775102_1,A0811,20250701,54
2023_2793886102_1,F99,20250305,34
2023_2793888101_1,R519,20250423,66
2023_2793888101_1,M5450,20250918,66
2023_2793899101_1,E039,20251029,45
2023_2793899101_1,L709,20251013,45
2023_2793946101_1,E785,20251030,63
2023_2793946101_1,M109,20251230,63
2023_2793946101_1,I7409,20250428,62
2023_2793946101_1,J029,20250531,63
2023_2793946101_1,J329,20251206,63
2023_2793946101_1,S4991XA,20251123,63
2023_2793988101_1,H35371,20250501,65
2023_2793988101_1,K219,20251005,66
2023_2793988101_1,Z760,20250822,66
2023_2793988101_1,J309,20250108,65
2023_2793988101_1,H26493,20250206,65
2023_2793988101_1,E1129,20250309,65
2023_2793988101_1,M25562,20250927,66
2023_2793988101_1,M19011,20250808,66
2023_2793988101_1,I4891,20250315,65
2023_2793988101_1,U071,20250103,65
2023_2793988101_1,E785,20251219,66
2023_2793988101_1,I10,20250129,65
2023_2793988101_1,Z01818,20251001,66
2023_2793988101_1,M1712,20250824,66
2023_2794000102_1,J309,20251219,61
2023_2794000102_1,J302,20251026,61
2023_2794000102_1,R12,20251014,61
2023_2794000102_1,K2100,20251117,61
2023_2794057101_1,R351,20250530,43
2023_2794057101_1,G4733,20250123,42
2023_2794057101_1,I10,20250811,43
2023_2794086101_1,R058,20250202,53
2023_2794086101_1,Z79899,20251012,54
2023_2794086101_1,M1990,20250401,53
2023_2794086101_1,E7800,20251029,54
2023_2794086101_1,N281,20250211,53
2023_2794086101_1,L720,20251106,54
2023_2794086101_1,R252,20250928,54
2023_2794086101_1,L409,20250815,54
2023_2794086101_1,G4733,20250302,53
2023_2794086101_1,T1491XA,20250210,53
2023_2794113106_1,U071,20250819,0
2023_2794113106_1,Z006,20250805,0
2023_2794119102_1,Z302,20250117,40
2023_2794136101_1,R21,20250226,21
2023_2794187101_1,F411,20251230,52
2023_2794187101_1,M79671,20250302,51
2023_2794187101_1,R222,20250130,51
2023_2794187101_1,M722,20250517,52
2023_2794187101_1,K648,20250415,52
2023_2794187101_1,E785,20250426,52
2023_2794187101_1,T783XXA,20251117,52
2023_2794278102_1,I10,20251213,63
2023_2794278102_1,M5450,20250323,63
2023_2794278102_1,F32A,20250801,63
2023_2794278102_1,M25561,20250625,63
2023_2794278102_1,N529,20250204,63
2023_2794278102_1,M5416,20250528,63
2023_2794278102_1,Z634,20251115,63
2023_2794278102_1,H9312,20250723,63
2023_2794278102_1,H938X1,20251122,63
2023_2794278102_1,K2100,20250517,63
2023_2794299102_1,F419,20250330,16
2023_2794312101_1,F99,20250905,33
2023_2794312101_1,F32A,20250423,32
2023_2794312101_1,F909,20251221,33
2023_2794384105_1,H66006,20250623,0
2023_2794384105_1,Z006,20251009,0
2023_2794401101_1,Z136,20250823,60
2023_2794401101_1,M5417,20251019,60
2023_2794454101_1,J45909,20251024,54
2023_2794482102_1,E785,20250823,65
2023_2794487102_1,J45909,20251223,46
2023_2794487102_1,F419,20251121,46
2023_2794487102_2,J45909,20251223,46
2023_2794487102_2,F419,20251121,46
2023_2794516103_1,R5082,20250413,28
2023_2794516103_1,T7840XA,20250116,28
2023_2794516103_1,E039,20250531,28
2023_2794516103_1,Z23,20250902,28
2023_2794516103_1,I10,20250420,28
2023_2794516103_1,U099,20250811,28
2023_2794580102_1,H4423,20250827,60
2023_2794580102_1,M722,20250903,60
2023_2794580102_1,I10,20250408,59
2023_2794580102_1,R251,20251229,60
2023_2794594102_1,F319,20251102,31
2023_2794594102_1,G4700,20251225,31
2023_2794594102_1,A088,20250719,30
2023_2794594102_1,H52201,20250722,30
2023_2794594102_1,F419,20250127,30
2023_2794594102_1,J4520,20250713,30
2023_2794594102_1,H52223,20251019,31
2023_2794597103_1,H53002,20250929,6
2023_2794648102_1,E611,20250519,28
2023_2794792102_1,J029,20250508,16
2023_2794792102_1,F419,20250903,17
2023_2794792102_1,E559,20250209,16
2023_2794825102_1,G5622,20250426,39
2023_2794831103_1,J302,20250521,3
2023_2794831103_2,J302,20250521,3
2023_2794880103_1,F32A,20250803,12
2023_2794880103_1,H5213,20250524,12
2023_2794880103_1,F900,20250109,12
2023_2794882101_1,R252,20251217,71
2023_2794924104_1,S42402A,20250322,4
2023_2794924104_1,R509,20250805,5
2023_2794924104_1,J020,20251226,5
2023_2794930101_1,M25752,20250919,52
2023_2794930101_1,M25312,20251220,52
2023_2794934113_1,F909,20251225,8
2023_2794944101_1,F419,20250123,37
2023_2794944101_1,J40,20250325,37
2023_2794944101_1,L309,20250123,37
2023_2794944102_1,L409,20250124,36
2023_2794972101_1,Z136,20250615,66
2023_2794972101_1,E039,20250110,65
2023_2794972101_1,E8720,20250824,66
2023_2794972101_1,J1100,20250405,66
2023_2794972101_1,N3281,20250316,65
2023_2795044101_1,J398,20250924,67
2023_2795044101_1,I10,20250217,66
2023_2795090101_1,E119,20251018,53
2023_2795090101_1,E785,20250510,52
2023_2795090101_1,I10,20250117,52
2023_2795090101_1,N6322,20250227,52
2023_2795090101_2,N6322,20250227,52
2023_2795090101_2,I10,20250117,52
2023_2795090101_2,E785,20250510,52
2023_2795090101_2,E119,20251018,53
2023_2795092102_1,F840,20250414,15
2023_2795092102_1,N390,20250908,15
2023_2795121102_1,E785,20250528,59
2023_2795139102_1,K2950,20250515,54
2023_2795139102_1,M19012,20250208,54
2023_2795139102_1,I10,20250923,54
2023_2795139102_1,E0500,20250301,54
2023_2795139104_1,J029,20251213,18
2023_2795223101_1,M25512,20250819,50
2023_2795280103_1,K0889,20250115,24
2023_2795342101_1,J45909,20250711,28
2023_2795422101_1,M7712,20250518,51
2023_2795422101_1,I10,20250103,50
2023_2795478103_1,B070,20250610,17
2023_2795478103_1,R1013,20250924,17
2023_2795492101_1,M5417,20250513,32
2023_2795492101_1,U070,20251004,33
2023_2795492101_1,L709,20250825,32
2023_2795492101_1,U099,20250723,32
2023_2795516101_1,I10,20251216,54
2023_2795531103_1,L700,20251001,16
2023_2795536105_1,J45909,20250113,11
2023_2795536105_1,R0600,20250818,12
2023_2795536105_1,T7840XA,20250728,12
2023_2795543101_1,J40,20250816,53
2023_2795543101_1,F419,20250404,52
2023_2795543101_1,E785,20251213,53
2023_2795543103_1,F909,20250421,16
2023_2795543103_1,J40,20250124,15
2023_2795559101_1,I10,20251117,55
2023_2795559101_1,F32A,20251015,55
2023_2795559101_1,G8929,20251213,56
2023_2795559101_1,E119,20251022,55
2023_2795559101_1,E785,20251118,55
2023_2795566101_1,M5416,20250918,54
2023_2795566101_1,Z01812,20250724,54
2023_2795566101_1,I10,20250425,54
2023_2795566101_1,K469,20250121,53
2023_2795566101_1,C61,20250211,53
2023_2795654102_1,J342,20251102,51
2023_2795654102_1,R509,20250610,50
2023_2795654102_1,I10,20250522,50
2023_2795680102_1,B3781,20250103,32
2023_2795701103_1,J398,20250527,9
2023_2795701103_1,R1013,20251228,9
2023_2795701103_1,L0882,20250207,9
2023_2795701103_1,J029,20250207,9
2023_2795719101_1,S93325A,20251107,29
2023_2795726101_1,E119,20251204,60
2023_2795726101_1,F32A,20250928,60
2023_2795726101_1,G4700,20250727,60
2023_2795726101_1,Z1211,20250807,60
2023_2795758101_1,M069,20251128,41
2023_2795783101_1,I10,20251213,62
2023_2795783101_1,R1013,20250301,61
2023_2795783101_1,N400,20250213,61
2023_2795783101_1,D229,20250415,61
2023_2795783101_1,M25311,20251218,62
2023_2795783101_1,Z1379,20251225,62
2023_2795783101_1,H9190,20250629,61
2023_2795783101_1,M25552,20250408,61
2023_2795783101_1,E785,20251201,62
2023_2795783101_1,M25512,20250404,61
2023_2795783101_2,N400,20250213,61
2023_2795783101_2,I10,20251213,62
2023_2795783101_2,M25311,20251218,62
2023_2795783101_2,R1013,20250301,61
2023_2795783101_2,D229,20250415,61
2023_2795783101_2,M25512,20250404,61
2023_2795783101_2,H9190,20250629,61
2023_2795783101_2,M25552,20250408,61
2023_2795783101_2,E785,20251201,62
2023_2795783101_2,Z1379,20251225,62
2023_2795818102_1,G4733,20250313,48
2023_2795818102_1,Z789,20250708,48
2023_2795818102_1,L089,20250211,48
2023_2795823101_1,N6332,20250730,40
2023_2795823101_1,N393,20250207,39
2023_2795823101_1,E1165,20251018,40
2023_2795837102_1,E7800,20250202,36
2023_2795837102_1,I10,20250330,36
2023_2795871101_1,H1010,20251222,29
2023_2795886104_1,J020,20250521,5
2023_2795922101_1,H6690,20250811,54
2023_2795922101_1,Z794,20250531,53
2023_2795922101_1,E079,20251124,54
2023_2795926104_1,H6690,20250717,1
2023_2795940102_1,U071,20250419,48
2023_2795940103_1,H5213,20250804,7
2023_2795940103_1,F419,20250225,7
2023_2795944105_1,H6692,20250209,4
2023_2795944105_1,J00,20250411,5
2023_2795944105_2,J00,20250411,5
2023_2795944105_2,H6692,20250209,4
2023_2795980102_1,F32A,20250402,24
2023_2795980102_1,F419,20250208,24
2023_2795980102_1,S4992XA,20250503,24
2023_2795981102_1,E282,20250308,24
2023_2795981102_1,J45909,20250418,24
2023_2795981102_1,M25551,20250820,24
2023_2795981102_1,Z302,20251023,24
2023_2795981102_1,F4310,20251124,25
2023_2795981102_1,N838,20250509,24
2023_2796048101_1,Z96642,20250314,60
2023_2796048101_1,M25362,20250212,60
2023_2796048101_1,I10,20250125,60
2023_2796048101_1,E119,20250922,61
2023_2796055103_1,J329,20250504,7
2023_2796055103_1,H6691,20250923,7
2023_2796065101_1,K0889,20250909,30
2023_2796281101_1,K219,20250406,55
2023_2796281101_1,R52,20250909,55
2023_2796281101_1,E7800,20250402,55
2023_2796281101_1,J302,20251014,55
2023_2796281101_1,M25362,20250930,55
2023_2796281101_1,E669,20250914,55
2023_2796281101_1,E079,20251129,55
2023_2796281101_1,M109,20250305,55
2023_2796281101_1,M542,20250828,55
2023_2796281101_1,F99,20251223,55
2023_2796281101_1,L089,20250922,55
2023_2796281101_1,M25341,20250224,55
2023_2796281101_1,U071,20250205,54
2023_2796292101_1,Z01810,20250331,51
2023_2796292101_1,I10,20250114,50
2023_2796292101_1,E7800,20250817,51
2023_2796292101_1,R42,20250617,51
2023_2796292101_1,M1712,20251001,51
2023_2796292101_1,G4733,20251005,51
2023_2796386101_1,E782,20250817,56
2023_2796386101_1,C4491,20250223,55
2023_2796444102_1,E785,20251220,61
2023_2796444102_1,Z781,20250101,60
2023_2796500101_1,N83209,20250907,25
2023_2796500101_1,J45909,20250722,25
2023_2796500101_1,F4310,20250109,25
2023_2796500101_1,F32A,20250306,25
2023_2796500101_1,M5450,20251020,25
2023_2796500101_1,F419,20250303,25
2023_2796500101_1,S060XAA,20251212,26
2023_2796500101_1,H5231,20250228,25
2023_2796548101_1,H269,20250922,66
2023_2796548101_1,F419,20250727,66
2023_2796548101_1,L987,20250625,66
2023_2796548101_1,E1151,20250414,66
2023_2796548101_1,C4359,20250729,66
2023_2796548101_1,E042,20250613,66
2023_2796548101_1,D045,20251215,66
2023_2796548101_1,C4372,20250924,66
2023_2796548101_1,D496,20250308,66
2023_2796548101_1,C441122,20250930,66
2023_2796563102_1,E039,20250427,59
2023_2796563102_1,E349,20251224,60
2023_2796563102_1,D490,20251028,60
2023_2796563102_1,K2100,20250104,59
2023_2796620101_1,I10,20251203,56
2023_2796620101_1,E785,20250224,56
2023_2796620101_1,R011,20250918,56
2023_2796620101_1,I493,20250701,56
2023_2796620101_1,J029,20250628,56
2023_2796620101_1,Z13811,20250210,56
2023_2796622101_1,Z781,20250617,54
2023_2796622101_1,M1990,20250723,55
2023_2796622101_1,C50012,20250406,54
2023_2796622101_1,M7989,20250217,54
2023_2796683101_1,F329,20251106,45
2023_2796683101_1,F32A,20251211,45
2023_2796683101_1,E079,20251105,45
2023_2796754102_1,I10,20250812,61
2023_2796754102_1,E119,20251107,61
2023_2796754102_1,E785,20250407,60
2023_2796783103_1,Z3009,20251017,19
2023_2796783103_1,F99,20250130,19
2023_2796783103_1,F32A,20250406,19
2023_2796783103_1,R21,20250514,19
2023_2796784101_1,L299,20250123,55
2023_2796784101_1,E785,20250115,55
2023_2796784101_1,F419,20250111,55
2023_2796784101_1,Z781,20250105,55
2023_2796784101_1,J305,20250125,55
2023_2796784101_1,F32A,20250126,55
2023_2796900101_1,J00,20250404,49
2023_2796900101_1,L309,20250317,48
2023_2796900101_1,E0520,20250104,48
2023_2796900101_1,J321,20250121,48
2023_2796900101_1,L309,20251205,49
2023_2796900101_1,U070,20250628,49
2023_2796951101_1,B370,20250115,28
2023_2796951101_1,L709,20250629,28
2023_2796998103_1,H6691,20251029,16
2023_2796998103_1,J328,20251026,16
2023_2796998103_1,H5203,20250608,15
2023_2797008103_1,J45909,20250328,15
2023_2797008103_1,S42001A,20250714,15
2023_2797008103_1,F32A,20250113,14
2023_2797008103_1,F419,20250722,15
2023_2797015101_1,H9223,20251025,71
2023_2797015101_1,R0981,20250124,70
2023_2797015101_1,H6693,20250314,70
2023_2797015101_1,J029,20251130,71
2023_2797015101_1,K219,20250725,70
2023_2797015101_1,C4359,20250526,70
2023_2797144104_1,R4701,20251026,3
2023_2797191101_1,H269,20250906,23
2023_2797191101_1,N920,20250907,23
2023_2797389101_1,E611,20250710,27
2023_2797389101_1,F32A,20250902,28
2023_2797389101_1,F902,20250406,27
2023_2797389101_1,F419,20250209,27
2023_2797389101_1,U071,20250326,27
2023_2797389101_1,Z30430,20250710,27
2023_2797399104_1,B079,20250602,19
2023_2797485102_1,J029,20250801,14
2023_2797485102_1,M7989,20250724,14
2023_2797490102_1,E785,20251106,57
2023_2797490102_1,E119,20251018,57
2023_2797490102_1,M25751,20250717,56
2023_2797503101_1,R42,20250516,70
2023_2797503101_1,I10,20250423,70
2023_2797503101_1,E1136,20250714,71
2023_2797503101_1,M7910,20250106,70
2023_2797503101_1,R32,20250628,71
2023_2797503101_1,F32A,20250220,70
2023_2797503101_1,K2100,20251214,71
2023_2797503101_1,Z2914,20250202,70
2023_2797503101_1,J301,20250310,70
2023_2797503101_1,E559,20250708,71
2023_2797503101_1,M797,20250516,70
2023_2797503101_1,E039,20250914,71
2023_2797503101_1,E7800,20250620,70
2023_2797503101_1,F32A,20250503,70
2023_2797523101_1,F909,20251110,37
2023_2797523101_1,S82202A,20251020,37
2023_2797580102_1,R42,20250731,23
2023_2797580102_1,F419,20251103,23
2023_2797580102_1,E119,20250719,23
2023_2797685101_1,J342,20250113,51
2023_2797685101_1,G4733,20251211,51
2023_2797685101_1,D049,20250623,51
2023_2797685101_1,K219,20250203,51
2023_2797685101_1,G5710,20250922,51
2023_2797685101_1,G43909,20250125,51
2023_2797685101_1,N209,20250527,51
2023_2797685101_1,G5701,20251229,52
2023_2797685101_1,M5450,20250327,51
2023_2797685101_1,M25562,20250301,51
2023_2797685101_1,C4359,20251224,51
2023_2797685101_1,R0609,20251226,51
2023_2797685101_1,M1990,20250307,51
2023_2797820103_1,N393,20250809,26
2023_2797834103_1,J45909,20250303,21
2023_2797878101_1,J00,20250404,21
2023_2797889101_1,M5126,20250516,34
2023_2797889101_1,M1990,20250503,34
2023_2797889101_1,L709,20250525,34
2023_2797889101_1,M6208,20251206,34
2023_2797889101_1,S83241A,20250731,34
2023_2797889101_1,G43909,20250831,34
2023_2797889101_1,J9811,20251225,34
2023_2797889101_1,F909,20251129,34
2023_2797889101_1,J45909,20250830,34
2023_2797908102_1,K0889,20250121,38
2023_2797908102_1,Z006,20250803,38
2023_2797908102_1,E291,20250829,38
2023_2797908102_1,G8929,20250918,38
2023_2797908102_1,Z006,20251009,38
2023_2797929101_1,C441192,20250917,56
2023_2797929101_1,F419,20251106,57
2023_2797929101_1,L719,20250606,56
2023_2797929101_1,M7701,20251220,57
2023_2797929101_1,F32A,20250617,56
2023_2797969101_1,G4730,20251218,71
2023_2797969101_1,E785,20251015,71
2023_2797969101_1,F32A,20251229,71
2023_2797969101_1,N401,20250802,71
2023_2797969101_1,M069,20250328,70
2023_2797969101_1,I10,20250528,70
2023_2797969101_1,C44311,20250510,70
2023_2797969101_1,F419,20250216,70
2023_2798010103_1,F909,20251110,26
2023_2798051102_1,I10,20251027,48
2023_2798072101_1,M069,20250325,48
2023_2798072101_1,M25512,20250306,48
2023_2798136102_1,J45909,20250528,34
2023_2798136104_1,J029,20250808,9
2023_2798145102_1,R1013,20250521,31
2023_2798145102_1,K648,20250110,31
2023_2798170104_1,J069,20250220,5
2023_2798202102_1,I517,20250729,57
2023_2798239101_1,F4322,20250116,55
2023_2798239101_1,M25562,20250401,55
2023_2798239101_1,E785,20250624,55
2023_2798252101_1,M779,20250712,56
2023_2798252101_1,F4323,20250914,56
2023_2798349101_1,F909,20250118,39
2023_2798349101_1,F419,20250220,40
2023_2798349101_1,F4312,20250116,39
2023_2798353101_1,D044,20251010,71
2023_2798353101_1,M1990,20251213,71
2023_2798353101_1,R195,20250628,71
2023_2798353101_1,M3500,20251213,71
2023_2798353101_1,J9811,20250516,71
2023_2798353101_1,J320,20250313,71
2023_2798353101_1,R030,20250614,71
2023_2798353102_1,Z79899,20251015,69
2023_2798353102_1,I4891,20250422,69
2023_2798353102_1,E039,20251206,70
2023_2798353102_1,M1990,20250309,69
2023_2798353102_1,E785,20251222,70
2023_2798353102_1,I517,20250221,69
2023_2798360101_1,E1165,20250218,32
2023_2798386101_1,I10,20250912,49
2023_2798389101_1,C44319,20250208,60
2023_2798398101_1,F32A,20251114,36
2023_2798441101_1,M797,20250911,63
2023_2798441101_1,H9193,20250219,62
2023_2798441101_1,H6693,20250210,62
2023_2798441101_1,R42,20251201,63
2023_2798441101_1,M1990,20250704,63
2023_2798441101_1,I10,20250929,63
2023_2798448102_1,L659,20250828,64
2023_2798448102_1,G43709,20250509,64
2023_2798448102_1,N201,20250701,64
2023_2798448102_1,F419,20250326,64
2023_2798448102_1,H538,20250522,64
2023_2798448102_1,G4733,20250315,64
2023_2798448102_1,N898,20250815,64
2023_2798448102_1,K219,20250528,64
2023_2798691101_1,I10,20250907,64
2023_2798719101_1,M25571,20250524,45
2023_2798719101_1,M5450,20250801,46
2023_2798719101_1,F99,20250803,46
2023_2798719101_1,U071,20250925,46
2023_2798719101_1,F323,20250301,45
2023_2798719101_1,F419,20250505,45
2023_2798719101_1,L98499,20251024,46
2023_2798719101_1,R110,20250407,45
2023_2798757102_1,F325,20250903,36
2023_2798757102_1,T7840XA,20251026,36
2023_2798803102_1,I10,20250924,62
2023_2798803102_1,R7303,20251222,62
2023_2798803102_1,K219,20251115,62
2023_2798857106_1,Z382,20250319,0
2023_2798872106_1,H6693,20251016,11
2023_2799015101_1,M795,20250911,44
2023_2799015101_1,G40109,20250224,44
2023_2799015101_1,M5116,20251224,45
2023_2799015107_1,F419,20251204,10
2023_2799015107_1,F909,20250423,9
2023_2799015107_1,F909,20250611,9
2023_2799038101_1,C4372,20251123,58
2023_2799038101_2,C4372,20251123,58
2023_2799041102_1,K219,20251126,45
2023_2799041102_1,G43909,20250115,45
2023_2799041102_1,F419,20250317,45
2023_2799083101_1,L309,20251102,37
2023_2799083101_1,H6693,20250428,36
2023_2799083101_1,R059,20251109,37
2023_2799083101_1,J111,20250114,36
2023_2799125102_1,S4991XA,20250719,41
2023_2799188101_1,R1084,20250211,52
2023_2799188101_1,E1151,20251015,53
2023_2799188101_1,E785,20250602,52
2023_2799188101_1,K820,20251130,53
2023_2799308103_1,J4520,20251119,24
2023_2799308103_1,N926,20250914,23
2023_2799340102_1,H6613,20251027,44
2023_2799340102_1,R0989,20250815,44
2023_2799340102_1,H9221,20250209,43
2023_2799340102_1,J3489,20250805,44
2023_2799468103_1,J309,20250921,6
2023_2799468103_1,H6690,20250807,6
2023_2799468103_1,H1013,20251130,6
2023_2799468103_1,E611,20250725,6
2023_2799468103_1,J45909,20250123,5
2023_2799484104_1,B349,20250224,12
2023_2799484104_1,L602,20250206,12
2023_2799511101_1,K641,20250524,35
2023_2799511101_1,M5136,20250917,35
2023_2799511101_1,F324,20251219,35
2023_2799511101_1,F419,20250205,34
2023_2799511101_1,R21,20250108,34
2023_2799511101_1,M5417,20250320,34
2023_2799551101_1,I10,20250718,49
2023_2799551101_1,F419,20250322,49
2023_2799552101_1,J111,20250720,40
2023_2799552101_1,Z7182,20250717,40
2023_2799669101_1,F4310,20251110,39
2023_2810013103_1,J029,20250303,17
2023_2810013103_1,T148XXA,20251103,18
2023_2810018102_1,D044,20250908,71
2023_2810018102_1,I10,20250528,71
2023_2810018102_1,K760,20250919,71
2023_2810018102_1,E785,20250903,71
2023_2810048102_1,H61302,20250718,26
2023_2810048102_1,F909,20250913,26
2023_2810087102_1,I10,20251214,70
2023_2810087102_1,E785,20251204,70
2023_2810135104_1,J029,20251118,31
2023_2810137101_1,U071,20251111,62
2023_2810137101_1,F419,20250118,62
2023_2810137101_1,R059,20250712,62
2023_2810137101_1,F32A,20250405,62
2023_2810137101_1,Z975,20250422,62
2023_2810137101_1,G4730,20251023,62
2023_2810137101_1,U071,20251227,63
2023_2810137101_1,Z972,20250502,62
2023_2810137101_1,K219,20250516,62
2023_2810137101_1,N400,20250305,62
2023_2810137102_1,U071,20250921,62
2023_2810137102_1,E7800,20250425,61
2023_2810137102_1,H269,20250519,61
2023_2810137102_1,N898,20250204,61
2023_2810137102_1,K219,20250103,61
2023_2810137102_1,G4733,20250614,61
2023_2810154102_1,A080,20250830,36
2023_2810154102_1,M5416,20250524,36
2023_2810154102_1,M797,20251217,36
2023_2810154102_1,J029,20250507,36
2023_2810154102_1,F32A,20251220,37
2023_2810154102_1,H52202,20250518,36
2023_2810189101_1,U071,20251008,62
2023_2810189101_1,E669,20251016,62
2023_2810189101_1,H52221,20251217,62
2023_2810189101_1,H5213,20250310,62
2023_2810189101_1,G250,20250308,62
2023_2810189101_1,F419,20250127,61
2023_2810189101_1,U071,20250211,62
2023_2810189101_1,K219,20250904,62
2023_2810189101_1,K219,20250219,62
2023_2810189101_1,E669,20251230,62
2023_2810189101_1,G454,20250313,62
2023_2810189101_1,I10,20251019,62
2023_2810189101_1,H52202,20251110,62
2023_2810208103_1,H6692,20251228,16
2023_2810208103_1,J321,20250311,16
2023_2810208103_1,T1490XS,20251209,16
2023_2810210101_1,E0520,20251228,55
2023_2810210101_1,E559,20251009,54
2023_2810210101_1,E039,20250215,54
2023_2810215101_1,M810,20250701,62
2023_2810215101_1,R350,20250611,62
2023_2810215101_1,F419,20250928,63
2023_2810220101_1,E785,20251009,64
2023_2810220101_1,U071,20250515,63
2023_2810220101_1,M549,20251106,64
2023_2810220101_1,H6690,20250804,63
2023_2810220101_1,J45909,20251221,64
2023_2810220101_1,F32A,20251031,64
2023_2810245103_1,J020,20251116,16
2023_2810245103_1,L700,20251107,16
2023_2810259102_1,M25751,20250402,46
2023_2810259102_1,M25572,20250705,46
2023_2810273102_1,F4323,20250619,33
2023_2810281102_1,I10,20251211,62
2023_2810281102_1,I2510,20250830,61
2023_2810281102_1,E785,20250325,61
2023_2810281102_1,E1122,20250926,61
2023_2810281102_1,I7409,20251127,62
2023_2810281102_1,Z006,20250615,61
2023_2810343102_1,Z23,20250612,57
2023_2810343102_1,U071,20251220,58
2023_2810344101_1,E785,20250827,55
2023_2810351102_1,C4440,20250225,68
2023_2810351102_1,Z23,20250429,68
2023_2810351102_1,K469,20250818,68
2023_2810351102_1,K50114,20250507,68
2023_2810385102_1,E1165,20250402,59
2023_2810385102_1,E785,20250326,59
2023_2810385102_1,J342,20250108,58
2023_2810385102_1,M109,20250224,58
2023_2810385102_1,I10,20251125,59
2023_2810448102_1,F419,20250107,49
2023_2810494101_1,J309,20251005,54
2023_2810494101_1,I10,20250323,53
2023_2810494101_1,J40,20250609,54
2023_2810494101_1,M5416,20250111,53
2023_2810494103_1,Z2914,20251205,22
2023_2810494103_1,L728,20250302,21
2023_2810495101_1,J45909,20250722,38
2023_2810495101_1,J309,20250211,37
2023_2810495101_1,F419,20250212,37
2023_2810495101_1,R0602,20250731,38
2023_2810495101_1,J00,20251230,38
2023_2810495101_1,U099,20251208,38
2023_2810495101_1,J209,20250729,38
2023_2810495101_1,U071,20250223,37
2023_2810496101_1,E038,20251029,50
2023_2810496101_1,U071,20250313,50
2023_2810496101_1,B0229,20251203,50
2023_2810496101_1,R21,20250901,50
2023_2810496101_1,E041,20250918,50
2023_2810557101_1,I10,20251114,47
2023_2810557101_1,K469,20250305,46
2023_2810577101_1,N529,20250809,52
2023_2810577101_1,B009,20250226,52
2023_2810577101_1,M109,20251226,53
2023_2810577101_1,E119,20251113,52
2023_2810577101_1,M5412,20250331,52
2023_2810577101_1,B078,20250804,52
2023_2810577101_1,E785,20250420,52
2023_2810577105_1,E611,20250126,19
2023_2810577105_1,U071,20250823,20
2023_2810577105_1,F32A,20250706,20
2023_2810577105_1,F419,20250603,20
2023_2810609101_1,H401130,20250420,56
2023_2810614101_1,E785,20250807,60
2023_2810614101_1,M3500,20250114,59
2023_2810614101_1,E119,20250518,60
2023_2810629102_1,R221,20251218,44
2023_2810629102_1,Z1211,20250609,44
2023_2810629102_1,M25372,20251031,44
2023_2810629105_1,H6691,20251112,6
2023_2810629105_1,H9212,20251214,6
2023_2810629105_1,Z01812,20251128,6
2023_2810645102_1,E785,20250111,52
2023_2810645102_1,I10,20250812,53
2023_2810688101_1,M5030,20251013,66
2023_2810688101_1,M1990,20251125,67
2023_2810688101_1,H269,20250704,66
2023_2810688101_1,R222,20251224,67
2023_2810697101_1,F411,20250311,56
2023_2810697101_1,G20A1,20250801,56
2023_2810697101_1,M19041,20250128,56
2023_2810697101_1,E785,20250919,56
2023_2810697101_1,I10,20250304,56
2023_2810734102_1,F419,20251011,51
2023_2810734102_1,G43909,20251118,51
2023_2810734102_1,F329,20251128,51
2023_2810752101_1,F419,20250220,58
2023_2810752101_1,M19171,20250420,59
2023_2810752101_1,S83282A,20251120,59
2023_2810752101_1,R7303,20250410,59
2023_2810752101_1,I10,20251111,59
2023_2810787101_1,I10,20250330,62
2023_2810787101_1,M1990,20250330,62
2023_2810787101_1,E7800,20250114,62
2023_2810787101_1,F325,20250520,62
2023_2810826101_1,E785,20251221,54
2023_2810828102_1,R12,20250517,67
2023_2810828102_1,R011,20250101,67
2023_2810828102_1,J45909,20250610,67
2023_2810828102_1,E785,20250924,68
2023_2810836101_1,L700,20250310,32
2023_2810836101_1,F419,20250311,32
2023_2810836101_1,R053,20251218,33
2023_2810836101_1,J45909,20250729,32
2023_2810853101_1,F900,20251010,46
2023_2810853101_1,J45909,20250424,45
2023_2810853101_1,M25562,20250607,45
2023_2810853101_1,M546,20250106,45
2023_2810853101_1,L719,20251009,46
2023_2810853101_1,J329,20250208,45
2023_2810853101_1,L709,20251126,46
2023_2810853101_1,J029,20251210,46
2023_2810853101_1,J321,20250727,45
2023_2810853101_1,B001,20250916,46
2023_2810853101_1,M797,20250801,45
2023_2810853101_1,J029,20250503,45
2023_2810853101_1,M5450,20251224,46
2023_2810853101_1,R1030,20250825,45
2023_2810853101_1,J342,20251015,46
2023_2810880102_1,G43909,20250401,26
2023_2810880102_1,Z30017,20251219,27
2023_2810880102_1,L709,20250105,26
2023_2810880102_1,Z1211,20251213,27
2023_2810880102_1,E069,20250309,26
2023_2810894101_1,H3321,20250201,66
2023_2810894101_1,E785,20250419,66
2023_2810894101_1,M25762,20250519,67
2023_2810894101_1,E785,20250317,66
2023_2810925102_1,I10,20251107,32
2023_2810925102_1,M25461,20250108,31
2023_2810925102_1,E291,20251028,32
2023_2810925103_1,J45909,20250825,6
2023_2810951104_1,F909,20250106,16
2023_2810951104_1,F419,20250109,16
2023_2810951104_1,F329,20250926,17
2023_2810951104_1,F909,20250816,16
2023_2810951104_1,J309,20250511,16
2023_2810951104_1,N393,20250615,16
2023_2810951104_1,J320,20250812,16
2023_2810951104_1,M25371,20250528,16
2023_2810961104_1,F32A,20250914,33
2023_2810961104_1,J45909,20250730,33
2023_2810961104_1,J40,20251120,33
2023_2810970104_1,Z9189,20251110,10
2023_2810970104_1,H6692,20250726,10
2023_2811005102_1,I10,20250705,45
2023_2811005102_1,J320,20250918,45
2023_2811005102_1,J208,20251119,45
2023_2811005102_1,F419,20250207,44
2023_2811163101_1,J302,20251222,39
2023_2811163101_1,H109,20250628,38
2023_2811163101_1,F419,20250908,38
2023_2811163101_2,F419,20250908,38
2023_2811163101_2,J302,20251222,39
2023_2811163101_2,H109,20250628,38
2023_2811188101_1,F32A,20250912,51
2023_2811188101_1,E039,20250219,50
2023_2811188101_1,F419,20250118,50
2023_2811188101_1,E785,20250116,50
2023_2811188101_1,E063,20250620,51
2023_2811188101_1,I10,20251102,51
2023_2811188101_1,H52202,20250621,51
2023_2811188101_1,H5213,20251017,51
2023_2811209104_1,H1013,20251215,4
2023_2811209104_1,K0889,20250212,3
2023_2811209104_1,R4781,20250507,3
2023_2811239104_1,F909,20250517,10
2023_2811308101_1,M810,20250515,62
2023_2811308101_1,F32A,20251023,63
2023_2811308101_1,J440,20250301,62
2023_2811308101_1,K5090,20250503,62
2023_2811308101_1,M069,20250323,62
2023_2811308101_1,G4730,20250505,62
2023_2811310101_1,F419,20250202,20
2023_2811315101_1,M25462,20250721,40
2023_2811315101_1,F32A,20250322,39
2023_2811315101_1,T782XXA,20250819,40
2023_2811360101_1,R32,20250514,52
2023_2811360101_1,J302,20251211,53
2023_2811394102_1,H1010,20251004,37
2023_2811394102_1,S61412D,20251126,37
2023_2811394102_1,M797,20251217,37
2023_2811394102_1,M25812,20250626,36
2023_2811433101_1,E119,20251001,47
2023_2811433101_1,E786,20250510,46
2023_2811433101_1,K083,20250128,46
2023_2811464101_1,K222,20250908,42
2023_2811464101_1,K259,20251122,42
2023_2811464101_2,K222,20250908,42
2023_2811464101_2,K259,20251122,42
2023_2811464101_3,K259,20251122,42
2023_2811464101_3,K222,20250908,42
2023_2811465102_1,Z760,20250519,53
2023_2811465102_1,E119,20250708,53
2023_2811465102_2,E119,20250708,53
2023_2811465102_2,Z760,20250519,53
2023_2811468101_1,Z7182,20250611,51
2023_2811468102_1,M5416,20250118,52
2023_2811468102_1,M1990,20250906,52
2023_2811468102_1,Z713,20250406,52
2023_2811468102_2,M5416,20250118,52
2023_2811468102_2,Z713,20250406,52
2023_2811468102_2,M1990,20250906,52
2023_2811484102_1,E785,20250625,52
2023_2811484102_1,I10,20250210,52
2023_2811484102_1,F419,20250427,52
2023_2811484102_1,I25110,20250830,53
2023_2811512101_1,E7800,20250804,62
2023_2811512101_1,H9190,20250630,62
2023_2811512101_1,K469,20250516,62
2023_2811512101_1,K760,20250924,62
2023_2811512101_1,Z635,20250813,62
2023_2811512101_1,R197,20251210,63
2023_2811512101_1,H9312,20250710,62
2023_2811549102_1,E785,20250103,68
2023_2811549102_1,B356,20250128,68
2023_2811569101_1,G4733,20250724,49
2023_2811569101_1,I10,20250304,48
2023_2811569101_1,S46111A,20250809,49
2023_2811569101_1,E785,20250328,48
2023_2811569101_1,S46111A,20251116,49
2023_2811575101_1,M797,20250610,63
2023_2811575101_1,J322,20250313,63
2023_2811575101_1,A4902,20250512,63
2023_2811575101_1,M25751,20250317,63
2023_2811575101_1,E7800,20251022,64
2023_2811575101_1,I10,20250804,64
2023_2811575101_1,L720,20250213,63
2023_2811578101_1,B356,20250724,72
2023_2811578101_1,M25532,20250310,71
2023_2811578101_1,E785,20250514,71
2023_2811578101_1,I10,20250715,71
2023_2811598102_1,R21,20250116,36
2023_2811598102_1,G43909,20250803,37
2023_2811598102_1,Z302,20251218,37
2023_2811598102_1,C441221,20250712,37
2023_2811610104_1,L409,20250109,21
2023_2811620102_1,G4730,20251104,60
2023_2811620102_1,E041,20250226,59
2023_2811620102_1,K259,20251014,60
2023_2811620102_1,R12,20250923,60
2023_2811624104_1,R4701,20250328,6
2023_2811639102_1,Z302,20250723,40
2023_2811639102_1,E282,20250410,39
2023_2811639102_1,E785,20250706,40
2023_2811651102_1,M109,20251119,72
2023_2811651102_1,I10,20250218,71
2023_2811651102_1,L719,20250821,71
2023_2811655105_1,U071,20251225,2
2023_2811662101_1,M5416,20251104,50
2023_2811665104_1,J029,20250905,10
2023_2811676101_1,Z3490,20250512,30
2023_2811676101_1,F99,20251030,31
2023_2811696101_1,M542,20250426,58
2023_2811696101_1,I10,20250625,58
2023_2811696101_1,I2510,20250611,58
2023_2811696101_1,I214,20250418,58
2023_2811696101_1,E1165,20250930,58
2023_2811696101_1,R42,20250121,58
2023_2811696101_1,T148XXA,20250128,58
2023_2811696101_1,H40052,20250812,58
2023_2811761101_1,G4733,20250705,59
2023_2811761101_1,R600,20250817,59
2023_2811761101_1,G2581,20250711,59
2023_2811761101_1,I4819,20251114,60
2023_2811761103_1,A0811,20251129,19
2023_2811761103_1,S93402A,20251130,19
2023_2811761103_1,M7741,20251015,18
2023_2811761103_2,A0811,20251129,19
2023_2811761103_2,M7741,20251015,18
2023_2811761103_2,S93402A,20251130,19
2023_2811793103_1,Z7189,20251116,2
2023_2811793103_1,T148XXA,20250405,2
2023_2811844102_1,R519,20250412,49
2023_2811844102_1,G459,20250114,49
2023_2811847102_1,E7800,20250621,46
2023_2811847102_1,I10,20250418,46
2023_2811861104_1,N393,20250502,20
2023_2811876102_1,F99,20250618,46
2023_2811876102_1,I10,20250115,46
2023_2811876102_1,G4733,20250624,46
2023_2811876102_1,M7741,20250219,46
2023_2811876102_1,E1165,20250304,46
2023_2811881104_1,Z23,20250809,1
2023_2811944102_1,G4730,20250317,64
2023_2811944102_1,R253,20250228,63
2023_2811944102_1,F32A,20251006,64
2023_2811944102_1,D649,20250806,64
2023_2811944102_1,J329,20251203,64
2023_2811944102_1,M19072,20250930,64
2023_2811944102_1,I10,20250113,63
2023_2811944102_1,E119,20250620,64
2023_2811944102_1,E785,20251113,64
2023_2811971101_1,G43919,20250307,41
2023_2811971101_1,R030,20250724,41
2023_2811986102_1,G43909,20250222,38
2023_2811986102_1,I10,20250221,38
2023_2811986102_1,D2262,20250806,38
2023_2811986102_1,Z3483,20251102,38
2023_2811986102_1,J45901,20250711,38
2023_2811986102_1,M25752,20250702,38
2023_2811986102_1,U071,20250424,38
2023_2811986102_1,E1122,20250123,37
2023_2811986104_1,K219,20250823,0
2023_2812042104_1,J302,20250423,10
2023_2812042104_1,J45909,20250724,10
2023_2812042104_1,F909,20251202,11
2023_2812042105_1,J45901,20250422,10
2023_2812043101_1,E785,20250513,33
2023_2812043101_1,Z30432,20250613,33
2023_2812043101_1,Z01810,20250116,33
2023_2812046102_1,Z008,20251202,44
2023_2812056101_1,J9811,20250128,31
2023_2812059101_1,M810,20251015,64
2023_2812059101_1,B0229,20250206,63
2023_2812059101_1,G5781,20250820,63
2023_2812116101_1,J309,20250214,38
2023_2812144101_1,G4730,20250307,40
2023_2812144101_1,F419,20250206,40
2023_2812144101_1,M5430,20250510,40
2023_2812214101_1,G8929,20250412,29
2023_2812236101_1,Z23,20250525,40
2023_2812236101_1,H538,20250608,40
2023_2812236101_1,D4959,20251217,40
2023_2812249101_1,T1490XS,20250829,26
2023_2812266101_1,D4989,20250406,64
2023_2812266101_1,C50111,20250823,64
2023_2812266101_1,Z9689,20250731,64
2023_2812391101_1,E119,20250418,50
2023_2812410102_1,E119,20250623,56
2023_2812410102_1,Z96653,20250817,57
2023_2812410102_1,M79605,20250311,56
2023_2812410102_1,T148XXA,20250101,56
2023_2812476101_1,F32A,20251112,37
2023_2812476101_1,J45909,20250813,37
2023_2812476101_1,F419,20250923,37
2023_2812494101_1,E785,20250922,53
2023_2812494101_1,K648,20251226,53
2023_2812494102_1,Z006,20250902,55
2023_2812494102_1,Z23,20250831,55
2023_2812494102_1,M25872,20250626,54
2023_2812494102_1,Z780,20251119,55
2023_2812499101_1,I10,20250219,68
2023_2812499101_1,K30,20250514,68
2023_2812499101_1,R32,20250214,68
2023_2812499101_1,F329,20250103,68
2023_2812499101_1,H524,20250105,68
2023_2812499101_1,E785,20251110,69
2023_2812514101_1,I10,20251125,65
2023_2812514101_1,N200,20250311,64
2023_2812514101_1,F909,20250717,64
2023_2812514101_1,N400,20250117,64
2023_2812514101_1,E538,20250611,64
2023_2812514101_1,R008,20250514,64
2023_2812514101_1,E559,20251130,65
2023_2812514101_1,M353,20250905,64
2023_2812514101_1,F419,20251110,64
2023_2812523104_1,M419,20250803,13
2023_2812577102_1,E1142,20251112,57
2023_2812577102_1,E7800,20250203,56
2023_2812604102_1,S8981XA,20250810,54
2023_2812712102_1,S4991XA,20250413,61
2023_2812712102_1,J309,20250719,62
2023_2812712102_1,I2699,20250911,62
2023_2812712102_1,E7800,20250320,61
2023_2812712102_1,J4520,20250605,61
2023_2812712102_1,K219,20251115,62
2023_2812712102_1,J42,20250615,61
2023_2812712102_1,U071,20250721,62
2023_2812712102_1,U099,20250510,61
2023_2812712102_1,R7303,20250430,61
2023_2812712102_1,N897,20250505,61
2023_2812712102_1,C73,20250827,62
2023_2812712102_1,M25341,20251217,62
2023_2812737101_1,C4442,20250516,68
2023_2812737101_1,J329,20250124,68
2023_2812737101_1,U071,20251007,68
2023_2812737101_1,E785,20250422,68
2023_2812737101_1,D045,20250516,68
2023_2812737101_1,S83231D,20251112,69
2023_2812737102_1,E785,20250430,65
2023_2812737102_1,J45909,20251115,65
2023_2812737102_1,M1712,20250726,65
2023_2812737102_1,M25511,20250317,65
2023_2812737102_1,J309,20250521,65
2023_2812737102_1,M25561,20250604,65
2023_2812737102_1,D0421,20250718,65
2023_2812737102_1,Z96651,20250907,65
2023_2812737102_1,U071,20250826,65
2023_2812806102_1,J029,20251017,18
2023_2812806102_1,H6690,20251013,18
2023_2812806102_1,F909,20251213,18
2023_2812806102_1,E559,20250906,18
2023_2812806102_1,F32A,20251205,18
2023_2812806102_1,F419,20251212,18
2023_2812808102_1,E785,20250409,40
2023_2812808102_2,E785,20250409,40
2023_2812808102_3,E785,20250409,40
2023_2812808102_4,E785,20250409,40
2023_2812809101_1,Z7984,20250227,46
2023_2812809101_2,Z7984,20250227,46
2023_2812810103_1,F909,20250601,15
2023_2812810103_1,H5340,20250704,15
2023_2812810104_1,F909,20250217,9
2023_2812831102_1,S83231A,20250430,47
2023_2812831102_1,J029,20250909,48
2023_2812831102_1,M797,20250504,47
2023_2812833103_1,J029,20250409,8
2023_2812836102_1,J441,20250706,33
2023_2812836102_1,R12,20251207,33
2023_2812836102_1,E785,20251031,33
2023_2812836102_1,I214,20251124,33
2023_2812836102_1,I10,20250403,32
2023_2812866101_1,E348,20250425,53
2023_2812897101_1,D2261,20251002,35
2023_2812897101_1,R059,20250105,34
2023_2812897101_1,K219,20250916,35
2023_2812897101_1,Z79899,20251117,35
2023_2812900101_1,E1121,20250724,62
2023_2812900101_1,I10,20251230,62
2023_2812922102_1,K529,20250306,51
2023_2812922102_1,R1031,20250711,51
2023_2812971102_1,B079,20250428,26
2023_2812971102_1,Z3483,20250905,27
2023_2812971102_1,E039,20250630,26
2023_2812972101_1,F900,20251221,69
2023_2812972101_1,I10,20250610,69
2023_2812972101_1,E785,20250823,69
2023_2812972101_1,F32A,20250529,69
2023_2812972101_1,M810,20251011,69
2023_2812977101_1,L728,20250728,63
2023_2812977101_1,K30,20250923,63
2023_2812977101_1,K219,20250530,63
2023_2812977101_1,I4891,20250505,63
2023_2812977101_1,N393,20250126,62
2023_2812977101_1,E785,20250222,63
2023_2812977101_1,L987,20251223,63
2023_2812977101_1,K2210,20250725,63
2023_2812977101_1,I10,20250828,63
2023_2812980102_1,J342,20251021,53
2023_2812980102_1,K529,20250217,53
2023_2812980102_1,U071,20250302,53
2023_2812980102_1,E782,20250429,53
2023_2812980102_1,I10,20250531,53
2023_2812980102_1,J343,20250503,53
2023_2812980102_1,K3184,20251011,53
2023_2812980103_1,F419,20251216,19
2023_2812980103_1,F411,20251009,19
2023_2812980103_1,K2950,20250119,18
2023_2813044101_1,J029,20250828,43
2023_2813044101_1,R059,20251225,44
2023_2813044101_1,F4310,20251111,44
2023_2813044101_1,J029,20250301,43
2023_2813044101_1,J40,20250704,43
2023_2813044101_1,J9859,20250830,43
2023_2813044101_1,R5082,20250727,43
2023_2813044101_1,H1013,20250929,44
2023_2813119101_1,H6690,20250321,35
2023_2813229101_1,L231,20250501,39
2023_2813244104_1,H1013,20250416,12
2023_2813244104_1,J309,20250221,12
2023_2813255101_1,M6258,20250906,58
2023_2813255101_1,Z781,20251013,58
2023_2813255101_1,R059,20250219,57
2023_2813255101_1,S8992XA,20251021,58
2023_2813255101_1,J029,20250309,57
2023_2813255101_1,J324,20250611,57
2023_2813255101_1,R52,20250102,57
2023_2813255103_1,R4781,20250403,16
2023_2813255103_1,K0889,20250422,16
2023_2813288101_1,J189,20250305,39
2023_2813288101_1,L03113,20251109,39
2023_2813302101_1,F99,20250908,28
2023_2813302101_1,K5900,20250602,28
2023_2813302101_1,Z3483,20251127,29
2023_2813302101_1,Z716,20250120,28
2023_2813324102_1,Z635,20250429,57
2023_2813324102_1,E1122,20250809,57
2023_2813324102_1,E785,20250527,57
2023_2813324102_1,N429,20251115,57
2023_2813324102_1,N2889,20250326,56
2023_2813328101_1,D649,20250605,46
2023_2813332101_1,E119,20250617,69
2023_2813332101_1,I10,20250524,69
2023_2813365103_1,J45909,20250514,13
2023_2813365103_1,E559,20250622,13
2023_2813365103_1,Z302,20250506,13
2023_2813427102_1,L309,20250816,57
2023_2813459102_1,J309,20250415,57
2023_2813459102_1,J329,20250909,57
2023_2813459102_1,H26491,20250320,57
2023_2813459102_1,E039,20250329,57
2023_2813459102_1,K582,20250322,57
2023_2813459102_1,K219,20250609,57
2023_2813459102_1,N3020,20250820,57
2023_2813459102_1,I10,20250825,57
2023_2813459102_1,M069,20251019,57
2023_2813459102_1,E785,20250611,57
2023_2813459102_1,R0981,20250320,57
2023_2813527102_1,F32A,20251218,37
2023_2813530102_1,M7121,20250105,50
2023_2813530102_1,G8929,20251126,51
2023_2813530102_1,J328,20250801,51
2023_2813530102_1,G43109,20250725,51
2023_2813563101_1,I10,20250810,45
2023_2813563101_1,E785,20250223,45
2023_2813563101_1,K529,20250217,45
2023_2813563101_1,K632,20251214,45
2023_2813585101_1,J029,20250418,30
2023_2813585101_1,F900,20250719,31
2023_2813585101_1,S82302A,20250630,31
2023_2813585101_1,F419,20251214,31
2023_2813585101_1,F319,20251117,31
2023_2813585101_1,G4733,20250617,31
2023_2813615101_1,Z006,20250714,26
2023_2813615101_1,E559,20250302,26
2023_2813651101_1,I743,20251023,59
2023_2813651101_1,I2699,20251128,59
2023_2813651101_1,J309,20250603,59
2023_2813651101_1,I2699,20250418,59
2023_2813674103_1,M25551,20250806,57
2023_2813696104_1,H6691,20250729,1
2023_2813737102_1,S42461A,20250415,34
2023_2813737102_1,U071,20250822,34
2023_2813744106_1,R053,20251005,7
2023_2813744106_1,J029,20250327,7
2023_2813837102_1,M25562,20250608,64
2023_2813837102_1,Z01810,20250525,64
2023_2813837102_1,Z01812,20250216,64
2023_2813837102_1,M25362,20250112,64
2023_2813867102_1,E785,20250404,41
2023_2813913101_1,Z974,20250118,29
2023_2813913101_2,Z974,20250118,29
2023_2813930101_1,M25411,20250330,35
2023_2813930102_1,I10,20250715,36
2023_2813930102_1,G4733,20251126,37
2023_2813978101_1,E1169,20251024,24
2023_2813997105_1,R4781,20251126,0
2023_2813997105_1,Z006,20251102,0
2023_2814001103_1,J320,20251106,16
2023_2814001103_1,Z302,20251123,16
2023_2814029104_1,S42201A,20251124,12
2023_2814029104_1,F908,20250103,11
2023_2814048101_1,K635,20250603,61
2023_2814048101_1,J329,20251126,62
2023_2814048101_1,M19011,20250714,61
2023_2814048101_1,I2510,20250219,61
2023_2814048101_1,E785,20250102,61
2023_2814048102_1,J309,20251127,62
2023_2814048102_1,N529,20251218,62
2023_2814048102_1,J320,20250915,62
2023_2814048102_1,I4819,20251115,62
2023_2814048102_1,E785,20250419,61
2023_2814068105_1,L989,20250202,9
2023_2814068105_2,L989,20250202,9
2023_2814069102_1,E785,20250509,63
2023_2814069102_1,I10,20250221,63
2023_2814069102_1,N3289,20250820,63
2023_2814069102_1,K648,20250517,63
2023_2814069102_1,J40,20251123,63
2023_2814069102_1,J302,20250917,63
2023_2814071103_1,H527,20250222,20
2023_2814071103_1,U071,20250311,20
2023_2814071103_1,H44421,20250129,20
2023_2814071103_1,R059,20251006,21
2023_2814071103_1,J069,20251223,21
2023_2814071103_1,J45909,20251222,21
2023_2814071103_1,I10,20250919,21
2023_2814082102_1,I10,20250424,64
2023_2814082102_1,H3322,20250110,64
2023_2814082102_1,J111,20250125,64
2023_2814082102_1,K2289,20250210,64
2023_2814082102_1,R7303,20250302,64
2023_2814082102_1,M810,20250831,65
2023_2814082102_1,M797,20250410,64
2023_2814082102_1,E7800,20251015,65
2023_2814082102_1,G40909,20250227,64
2023_2814090101_1,Z302,20250711,34
2023_2814090101_1,F99,20250405,33
2023_2814090101_1,N390,20250625,33
2023_2814090101_1,K0889,20250622,33
2023_2814154101_1,E039,20251013,35
2023_2814154101_1,F909,20250129,35
2023_2814161101_1,G43909,20251003,67
2023_2814161101_1,I10,20250605,67
2023_2814161101_1,G4730,20250720,67
2023_2814161101_1,L602,20251009,67
2023_2814161101_1,K219,20250822,67
2023_2814161101_1,B351,20250125,67
2023_2814161101_1,M8580,20251111,67
2023_2814161101_1,N898,20250719,67
2023_2814161101_1,F411,20251113,67
2023_2814161101_1,K2960,20250626,67
2023_2814161101_1,C50412,20251124,67
2023_2814161101_1,Z01812,20250623,67
2023_2814161101_1,F32A,20250702,67
2023_2814163105_1,J45902,20250609,8
2023_2814163107_1,R4702,20250816,5
2023_2814163107_1,J111,20250726,5
2023_2814163107_2,R4702,20250816,5
2023_2814163107_2,J111,20250726,5
2023_2814189101_1,H1013,20250510,60
2023_2814189101_1,J302,20250424,60
2023_2814189101_1,G43909,20250410,60
2023_2814189101_2,G43909,20250410,60
2023_2814189101_2,H1013,20250510,60
2023_2814189101_2,J302,20250424,60
2023_2814199102_1,F909,20250115,52
2023_2814199102_1,C441122,20251207,52
2023_2814201101_1,C73,20250804,48
2023_2814201101_1,S39012A,20250119,48
2023_2814201101_1,K589,20251105,49
2023_2814201101_1,J4531,20250318,48
2023_2814201101_1,K5900,20250330,48
2023_2814201101_1,F329,20250528,48
2023_2814201101_1,H52202,20250414,48
2023_2814201101_1,M7541,20251111,49
2023_2814230102_1,H6692,20250224,20
2023_2814230102_1,R42,20250428,20
2023_2814230102_1,J45901,20250810,21
2023_2814230102_1,H9209,20251225,21
2023_2814230102_1,J398,20250119,20
2023_2814230102_1,Z91018,20250520,20
2023_2814235101_1,M25661,20251227,27
2023_2814235101_1,M1990,20250818,27
2023_2814235101_1,H6692,20250531,27
2023_2814290102_1,I495,20251127,34
2023_2814315101_1,F4310,20250126,44
2023_2814315101_1,K0889,20251002,45
2023_2814315101_1,J189,20250506,44
2023_2814315101_1,F419,20250930,45
2023_2814315101_1,F32A,20250502,44
2023_2814315101_1,R252,20250425,44
2023_2814315102_1,J189,20250225,42
2023_2814370101_1,E785,20250802,42
2023_2814370101_1,I10,20251123,42
2023_2814387102_1,F419,20251011,40
2023_2814387102_2,F419,20251011,40
2023_2814400101_1,M25511,20250808,64
2023_2814400101_1,J329,20250318,64
2023_2814400101_1,M5412,20250128,64
2023_2814400101_1,G4730,20250318,64
2023_2814400101_1,M797,20250222,64
2023_2814400101_1,E785,20251007,64
2023_2814400101_1,Z7682,20250714,64
2023_2814400101_1,F329,20251219,65
2023_2814439102_1,J342,20250925,36
2023_2814439102_1,F909,20251119,36
2023_2814439102_1,F32A,20250803,36
2023_2814439102_1,Z635,20250505,36
2023_2814439102_1,M7542,20251115,36
2023_2814439102_1,Z006,20250925,36
2023_2814439102_1,M25762,20250120,35
2023_2814439103_1,F909,20250711,16
2023_2814439103_1,F32A,20251230,16
2023_2814439103_1,F840,20250930,16
2023_2814477101_1,E7800,20250625,53
2023_2814477101_1,I10,20250204,52
2023_2814477101_1,U071,20250604,53
2023_2814477101_1,M25751,20250821,53
2023_2814477101_1,G5621,20251129,53
2023_2814477101_1,J309,20250328,52
2023_2814477101_1,L409,20250115,52
2023_2814496101_1,F32A,20251023,30
2023_2814496101_1,N393,20251115,30
2023_2814524101_1,S99191A,20251225,55
2023_2814524101_1,J301,20250519,55
2023_2814524101_1,F329,20250518,55
2023_2814555101_1,G629,20251017,56
2023_2814555101_1,F32A,20251231,56
2023_2814555101_1,R4589,20250725,56
2023_2814555101_1,F200,20251117,56
2023_2814555101_1,J45909,20251002,56
2023_2814555101_1,M25551,20250316,55
2023_2814555101_1,E1122,20250714,56
2023_2814555101_1,E785,20250712,56
2023_2814555101_1,I2510,20250929,56
2023_2814555101_1,I10,20250924,56
2023_2814555101_1,H532,20250422,56
2023_2814555101_1,H269,20250120,55
2023_2814582103_1,H6693,20251004,6
2023_2814582103_1,J00,20251013,6
2023_2814618101_1,E785,20250625,49
2023_2814618101_1,M25552,20250219,49
2023_2814618101_1,F419,20250622,49
2023_2814618101_1,F32A,20250215,49
2023_2814618101_1,K219,20250328,49
2023_2814618101_1,G4733,20250620,49
2023_2814618101_1,F909,20251203,49
2023_2814618105_1,F410,20250213,14
2023_2814626101_1,I10,20251114,57
2023_2814626101_1,A498,20250628,56
2023_2814646101_1,J209,20250608,38
2023_2814646101_1,Z713,20251010,39
2023_2814646101_1,B353,20251121,39
2023_2814646101_1,C9590,20250728,38
2023_2814697101_1,M5450,20250129,66
2023_2814697101_2,M5450,20250129,66
2023_2814731101_1,E039,20251022,45
2023_2814731101_1,Z302,20250102,44
2023_2814731101_1,M542,20250121,44
2023_2814806101_1,M5416,20250225,32
2023_2814806101_1,H5789,20250327,32
2023_2814825101_1,E559,20250204,44
2023_2814825101_1,E7800,20250814,44
2023_2814899102_1,E282,20250513,38
2023_2814968101_1,M1990,20251117,40
2023_2814968101_1,Z1389,20250921,40
2023_2814968101_1,Z760,20250410,39
2023_2814968101_1,F32A,20250315,39
2023_2814968101_1,F4310,20250307,39
2023_2814976101_1,H3562,20251210,61
2023_2814976101_1,Z1211,20250528,61
2023_2814976101_1,E079,20250819,61
2023_2814976101_1,R7303,20251002,61
2023_2815044104_1,H6693,20250706,5
2023_2815046102_1,U071,20250905,28
2023_2815046102_1,T1490XA,20250106,28
2023_2815054101_1,E119,20250317,68
2023_2815054101_1,Z950,20251118,69
2023_2815054101_1,M533,20250520,68
2023_2815054101_1,R0789,20251207,69
2023_2815054101_1,F32A,20250601,68
2023_2815054101_1,Z7901,20250602,68
2023_2815054101_1,Z7181,20251020,69
2023_2815054101_1,E0590,20250706,68
2023_2815054101_1,M5136,20250822,69
2023_2815054101_1,E559,20250913,69
2023_2815054101_1,G629,20250105,68
2023_2815054101_1,K219,20250215,68
2023_2815054101_1,Z760,20251228,69
2023_2815054101_1,R338,20251020,69
2023_2815054101_1,I7409,20250807,68
2023_2815054101_1,K5903,20250725,68
2023_2815054101_1,E785,20250107,68
2023_2815054101_1,I10,20250308,68
2023_2815068101_1,K645,20250825,52
2023_2815068103_1,L409,20251014,22
2023_2815068103_1,J020,20250417,22
2023_2815172102_1,E785,20250106,47
2023_2815172102_1,F909,20250129,47
2023_2815172102_1,E113592,20251128,47
2023_2815172102_1,M5450,20251003,47
2023_2815172102_1,M25551,20250417,47
2023_2815172102_1,I10,20251016,47
2023_2815172102_1,G5602,20250605,47
2023_2815172102_1,L304,20250313,47
2023_2815172102_1,N529,20250729,47
2023_2815172102_1,E291,20251218,48
2023_2815212103_1,J45909,20250329,16
2023_2815212103_1,L709,20250317,16
2023_2815212103_1,F419,20250901,17
2023_2815243101_1,J45909,20250709,19
2023_2815297105_1,J45909,20250912,12
2023_2815297105_1,S62616A,20250419,12
2023_2815297105_2,J45909,20250912,12
2023_2815297105_2,S62616A,20250419,12
2023_2815352102_1,F32A,20250121,19
2023_2815352103_1,F329,20250211,21
2023_2815357102_1,G40909,20250714,68
2023_2815357102_1,N2889,20250102,68
2023_2815387101_1,G43909,20250805,36
2023_2815387101_1,J45909,20250221,36
2023_2815387101_1,I10,20251012,37
2023_2815387103_1,J45901,20250531,5
2023_2815387103_1,Z91048,20250921,5
2023_2815387103_1,L309,20250711,5
2023_2815387103_1,R1110,20250413,5
2023_2815387103_1,J020,20250227,5
2023_2815404101_1,R059,20250925,43
2023_2815404101_1,R609,20250512,43
2023_2815404101_1,M542,20250619,43
2023_2815420101_1,G629,20250701,46
2023_2815420101_1,K219,20251126,46
2023_2815420101_1,M62838,20251017,46
2023_2815420101_1,E291,20251025,46
2023_2815420101_1,J320,20250105,45
2023_2815420101_1,Z635,20250823,46
2023_2815420101_1,E669,20251011,46
2023_2815483102_1,R519,20250929,40
2023_2815483102_1,F419,20250312,39
2023_2815534101_1,E1122,20251104,67
2023_2815534101_1,R338,20250919,67
2023_2815534101_1,I10,20251018,67
2023_2815534101_1,E785,20250917,67
2023_2815575105_1,L709,20250707,15
2023_2815575105_1,T782XXA,20250926,16
2023_2815580103_1,R053,20250426,8
2023_2815580103_2,R053,20250426,8
2023_2815586102_1,F329,20250517,38
2023_2815586102_1,F909,20250825,39
2023_2815589104_1,J029,20251209,8
2023_2815598101_1,N521,20250411,63
2023_2815598101_1,M7731,20250414,63
2023_2815598101_1,J00,20250302,63
2023_2815616101_1,H5213,20251113,31
2023_2815616101_2,H5213,20251113,31
2023_2815616101_3,H5213,20251113,31
2023_2815648101_1,D649,20250820,67
2023_2815648101_1,K219,20250415,66
2023_2815656101_1,E039,20250617,47
2023_2815680101_1,I10,20250807,52
2023_2815680101_1,F4310,20250728,52
2023_2815680101_1,J45909,20250310,51
2023_2815694101_1,E669,20250708,36
2023_2815694101_1,E559,20250805,37
2023_2815694101_1,G8929,20250729,37
2023_2815694101_1,E035,20250108,36
2023_2815694101_1,M5450,20251206,37
2023_2815694101_1,E6601,20250716,36
2023_2815694101_1,Z298,20250829,37
2023_2815694101_1,R1900,20250603,36
2023_2815694101_1,R0602,20251217,37
2023_2815694101_1,M25571,20250419,36
2023_2815694101_1,E119,20250918,37
2023_2815694101_1,K219,20250902,37
2023_2815694101_1,R5381,20250807,37
2023_2815734104_1,L709,20251108,20
2023_2815772104_1,H6692,20250626,15
2023_2815772104_1,F909,20251009,15
2023_2815780102_1,E7800,20251124,26
2023_2815780102_1,F4310,20251012,26
2023_2815780102_1,H52221,20251210,26
2023_2815780102_1,E1142,20251229,26
2023_2815781101_1,L239,20250218,50
2023_2815781101_1,U071,20250106,50
2023_2815818101_1,K219,20250730,29
2023_2815866103_1,I10,20250116,51
2023_2815896101_1,M1990,20251029,66
2023_2815896101_1,N390,20250507,66
2023_2815896101_1,E0500,20251110,66
2023_2815896101_1,R21,20250811,66
2023_2815896101_1,F419,20251029,66
2023_2815896101_1,F329,20251019,66
2023_2815896101_1,T148XXA,20250521,66
2023_2815896101_1,T148XXA,20250922,66
2023_2815896101_1,H35103,20250524,66
2023_2815896101_1,M810,20250102,65
2023_2815896101_1,Z974,20250113,65
2023_2815896101_1,H9193,20250531,66
2023_2815896101_1,H5201,20250603,66
2023_2815896101_1,J3489,20251121,66
2023_2815912101_1,Z91199,20250122,70
2023_2815912101_1,C671,20251006,70
2023_2815912101_1,J309,20250608,70
2023_2815912101_1,Z7185,20251016,70
2023_2815930101_1,R0683,20250220,50
2023_2815930101_1,S89121A,20250210,50
2023_2815930101_1,S93402A,20250907,50
2023_2815930104_1,S99922A,20250119,12
2023_2815930104_1,J029,20250729,13
2023_2815981103_1,M549,20250321,37
2023_2815987101_1,E785,20250502,45
2023_2816038103_1,J029,20251105,6
2023_2816045101_1,F419,20251105,41
2023_2816045101_1,E119,20250205,41
2023_2816045101_1,R6330,20250227,41
2023_2816096103_1,J329,20250503,27
2023_2816099101_1,E113591,20250720,58
2023_2816099101_1,E785,20250411,57
2023_2816099101_1,I10,20250106,57
2023_2816099101_1,M19011,20251118,58
2023_2816099101_1,G8929,20250316,57
2023_2816099101_1,M1990,20250320,57
2023_2816099101_1,G4730,20250324,57
2023_2816099101_1,E039,20250822,58
2023_2816112102_1,I10,20251127,61
2023_2816112102_1,M19012,20250511,61
2023_2816112102_1,Z96651,20250523,61
2023_2816112102_1,H52223,20251018,61
2023_2816112102_1,E039,20250110,60
2023_2816143101_1,Z13810,20250315,51
2023_2816143101_1,S39011A,20251216,51
2023_2816143101_1,E611,20251109,51
2023_2816168102_1,Z308,20250904,38
2023_2816168102_1,N200,20250518,37
2023_2816168102_1,F419,20250811,38
2023_2816256102_1,R059,20250322,36
2023_2816263101_1,I499,20251128,47
2023_2816290101_1,M5416,20250610,28
2023_2816307101_1,U099,20251001,39
2023_2816307101_1,M25562,20250423,38
2023_2816307101_1,G4733,20250707,39
2023_2816389102_1,Z006,20250221,36
2023_2816389102_1,F99,20250903,37
2023_2816433101_1,L709,20250418,43
2023_2816433101_1,H52202,20251007,43
2023_2816448104_1,J00,20250801,3
2023_2816448104_1,B348,20250609,3
2023_2816494101_1,F32A,20250124,60
2023_2816511103_1,M7918,20250120,10
2023_2816530101_1,J189,20251124,38
2023_2816530101_1,F319,20251221,38
2023_2816537101_1,R600,20251017,53
2023_2816537101_1,I10,20250617,52
2023_2816537101_1,F418,20250623,52
2023_2816537102_1,E785,20250207,58
2023_2816537102_1,E1122,20250830,59
2023_2816537102_1,I748,20250512,58
2023_2816537103_1,F419,20251227,19
2023_2816537103_1,F319,20250702,18
2023_2816537103_1,J45909,20251001,18
2023_2816542101_1,E1165,20250305,66
2023_2816577101_1,L98428,20250424,50
2023_2816577101_1,E0590,20250904,50
2023_2816577101_1,M542,20250430,50
2023_2816577101_1,M7121,20251031,50
2023_2816577101_1,I10,20250514,50
2023_2816577101_1,F419,20250121,50
2023_2816583101_1,J322,20250307,43
2023_2816583101_1,I10,20251005,44
2023_2816593101_1,J4541,20250521,53
2023_2816593101_1,R252,20250506,53
2023_2816593101_1,E875,20250611,53
2023_2816593101_1,A4902,20250824,53
2023_2816593101_1,G4733,20251108,53
2023_2816593101_1,L299,20250205,53
2023_2816593101_1,M25561,20250312,53
2023_2816593101_1,K529,20251123,53
2023_2816593101_1,N200,20250422,53
2023_2816593101_1,F418,20250111,53
2023_2816593101_1,F32A,20251230,53
2023_2816593101_1,F4310,20251129,53
2023_2816593101_1,M5431,20250419,53
2023_2816600101_1,J302,20250603,44
2023_2816600101_1,K219,20250805,44
2023_2816600101_1,F329,20250803,44
2023_2816600101_1,E039,20250206,44
2023_2816600101_1,E291,20250921,44
2023_2816600101_1,N200,20250801,44
2023_2816600101_1,F4310,20250104,43
2023_2816619101_1,K219,20250105,50
2023_2816619101_1,G4700,20251123,51
2023_2816619101_1,J329,20250516,50
2023_2816619101_1,G5602,20250227,50
2023_2816619101_1,M542,20250320,50
2023_2816619101_1,M25562,20250108,50
2023_2816619101_1,J343,20250520,50
2023_2816619101_1,J309,20251027,51
2023_2816624101_1,F99,20251122,25
2023_2816624101_1,E039,20251026,25
2023_2816624101_1,F32A,20250620,24
2023_2816624101_1,J029,20251228,25
2023_2816624101_1,F909,20250408,24
2023_2816624101_1,B372,20250724,25
2023_2816624101_1,Z91030,20250110,24
2023_2816624101_1,H52201,20250918,25
2023_2816631101_1,H04122,20250511,42
2023_2816641101_1,E860,20250506,45
2023_2816641101_1,D649,20250724,45
2023_2816641101_1,G8918,20251104,45
2023_2816641101_1,L237,20250823,45
2023_2816641101_1,G4730,20250925,45
2023_2816641101_1,K219,20250429,45
2023_2816641101_1,E538,20251019,45
2023_2816641101_1,G629,20250815,45
2023_2816641101_1,M797,20251002,45
2023_2816641101_1,M25552,20250212,45
2023_2816641101_1,U099,20250316,45
2023_2816641101_1,M109,20250910,45
2023_2816641101_1,C50511,20250529,45
2023_2816641101_1,K5904,20250825,45
2023_2816641101_1,R110,20251116,45
2023_2816641101_1,M3500,20250903,45
2023_2816641101_1,Z7189,20250926,45
2023_2816641101_1,R600,20250424,45
2023_2816641101_2,C50511,20250529,45
2023_2816641101_2,K5904,20250825,45
2023_2816641101_2,D649,20250724,45
2023_2816641101_2,G8918,20251104,45
2023_2816641101_2,M3500,20250903,45
2023_2816641101_2,G4730,20250925,45
2023_2816641101_2,K219,20250429,45
2023_2816641101_2,R110,20251116,45
2023_2816641101_2,R600,20250424,45
2023_2816641101_2,E860,20250506,45
2023_2816641101_2,Z7189,20250926,45
2023_2816641101_2,M25552,20250212,45
2023_2816641101_2,M109,20250910,45
2023_2816641101_2,E538,20251019,45
2023_2816641101_2,M797,20251002,45
2023_2816641101_2,G629,20250815,45
2023_2816641101_2,U099,20250316,45
2023_2816641101_2,L237,20250823,45
2023_2816644101_1,R1011,20250224,37
2023_2816644101_1,Z01812,20250403,37
2023_2816644101_1,Z041,20250125,37
2023_2816644101_1,M533,20251211,38
2023_2816728101_1,J439,20251009,42
2023_2816728101_1,J45909,20250912,42
2023_2816728101_1,J029,20251012,42
2023_2816728101_1,M5116,20251128,42
2023_2816728101_1,J449,20251122,42
2023_2816728101_1,E559,20251223,43
2023_2816728101_1,R42,20251113,42
2023_2816728101_1,M5417,20251107,42
2023_2816728101_1,J42,20251209,42
2023_2816728101_1,J398,20251021,42
2023_2816744104_1,E785,20250512,55
2023_2816751103_1,H6690,20250419,12
2023_2816763101_1,F99,20250815,38
2023_2816763101_1,E6601,20251022,38
2023_2816763101_1,M5417,20251003,38
2023_2816763101_1,E559,20250621,38
2023_2816763101_1,S6981XA,20250623,38
2023_2816763101_1,F324,20250627,38
2023_2816763101_1,F419,20251211,39
2023_2816767101_1,M25762,20250620,50
2023_2816767101_1,M25511,20250708,50
2023_2816767101_1,M1711,20250101,49
2023_2816767101_1,I10,20250224,50
2023_2816781106_1,I748,20250711,21
2023_2816781106_1,L987,20250302,21
2023_2816781106_2,L987,20250302,21
2023_2816781106_2,I748,20250711,21
2023_2816821102_1,M25551,20251028,39
2023_2816861102_1,M25512,20251204,60
2023_2816861102_1,I495,20251001,60
2023_2816861102_1,M069,20250622,60
2023_2816861102_2,I495,20251001,60
2023_2816861102_2,M069,20250622,60
2023_2816861102_2,M25512,20251204,60
2023_2816883101_1,M7138,20250111,63
2023_2816883101_1,R609,20250101,63
2023_2816946101_1,J45909,20250126,58
2023_2816946101_1,E785,20251122,59
2023_2816946101_1,F32A,20250531,58
2023_2816946101_1,G4700,20250124,58
2023_2816946101_1,F909,20251228,59
2023_2816946101_1,I10,20251007,58
2023_2816967102_1,T148XXS,20250129,39
2023_2816967102_1,G4733,20250713,40
2023_2816967102_1,M19071,20250913,40
2023_2816967102_1,E785,20251108,40
2023_2816967102_1,R739,20251112,40
2023_2816967102_1,I10,20250710,40
2023_2817009102_1,M62830,20250524,31
2023_2817009102_1,J45909,20250601,31
2023_2817009102_1,M19122,20250927,31
2023_2817009102_1,E6601,20250116,30
2023_2817009102_1,J069,20250201,30
2023_2817019101_1,N838,20250621,64
2023_2817019101_1,R42,20250923,65
2023_2817019101_1,E785,20250303,64
2023_2817019101_1,M25562,20250706,64
2023_2817019101_1,F32A,20250702,64
2023_2817019101_1,M722,20250311,64
2023_2817050101_1,E039,20251004,62
2023_2817057101_1,E785,20250630,53
2023_2817058102_1,F329,20250428,70
2023_2817058102_1,M1990,20250202,70
2023_2817058102_1,G4733,20250903,70
2023_2817058102_1,F419,20251226,71
2023_2817058102_1,U070,20250704,70
2023_2817058102_1,D649,20250102,70
2023_2817058102_1,N3020,20251030,71
2023_2817058102_1,H9212,20250614,70
2023_2817058102_1,N6321,20250906,70
2023_2817058102_1,J9811,20251123,71
2023_2817061101_1,K0889,20250207,31
2023_2817061101_1,S93401A,20250718,31
2023_2817061101_1,S4991XA,20250110,31
2023_2817061101_1,S39840A,20250615,31
2023_2817061101_1,H04123,20250303,31
2023_2817075101_1,U071,20250920,63
2023_2817078101_1,E663,20250521,55
2023_2817078101_1,S6981XD,20250408,55
2023_2817078101_1,T783XXA,20251206,56
2023_2817079101_1,E785,20251018,52
2023_2817079101_1,I10,20250701,51
2023_2817079101_1,U071,20250701,51
2023_2817079102_1,Z01810,20250214,43
2023_2817079102_1,R200,20250412,43
2023_2817079102_1,E611,20251026,43
2023_2817079102_1,C50911,20250314,43
2023_2817079102_1,U071,20251126,44
2023_2817079104_1,Z23,20250425,0
2023_2817079104_1,L304,20250722,0
2023_2817079104_2,Z23,20250425,0
2023_2817079104_2,L304,20250722,0
2023_2817086101_1,B002,20250222,42
2023_2817116101_1,C73,20250206,40
2023_2817116101_1,E039,20251228,41
2023_2817116101_1,N200,20251123,41
2023_2817116101_1,E0590,20250527,41
2023_2817116101_1,E349,20251209,41
2023_2817118101_1,E7800,20250312,48
2023_2817120104_1,R079,20250125,21
2023_2817120104_1,F32A,20251204,22
2023_2817120104_2,F32A,20251204,22
2023_2817120104_2,R079,20250125,21
2023_2817121102_1,M5416,20251223,37
2023_2817145102_1,R42,20250123,66
2023_2817145102_1,J40,20250417,66
2023_2817165101_1,E0590,20250208,46
2023_2817172101_1,G459,20250725,49
2023_2817172101_1,K529,20250624,49
2023_2817172101_1,M3500,20250802,49
2023_2817172101_1,F32A,20250118,49
2023_2817172101_1,F419,20250428,49
2023_2817202101_1,E785,20250124,61
2023_2817251102_1,M25761,20250121,34
2023_2817251102_1,M75102,20250517,34
2023_2817251102_1,F419,20250609,34
2023_2817251102_1,F32A,20251031,35
2023_2817251102_2,M75102,20250517,34
2023_2817251102_2,F32A,20251031,35
2023_2817251102_2,M25761,20250121,34
2023_2817251102_2,F419,20250609,34
2023_2817306102_1,Z975,20251022,60
2023_2817307102_1,J029,20250323,3
2023_2817338101_1,E119,20250224,52
2023_2817338101_1,A0811,20251213,53
2023_2817338101_1,J00,20250522,52
2023_2817338102_1,J42,20250615,60
2023_2817338102_1,R109,20251206,61
2023_2817338102_1,F419,20250119,60
2023_2817338102_2,R109,20251206,61
2023_2817338102_2,F419,20250119,60
2023_2817338102_2,J42,20250615,60
2023_2817364101_1,E119,20251116,63
2023_2817364101_1,E782,20250718,63
2023_2817375101_1,E1122,20250713,51
2023_2817375101_1,I10,20250219,50
2023_2817375101_2,E1122,20250713,51
2023_2817375101_2,I10,20250219,50
2023_2817432103_1,H6690,20250531,19
2023_2817479101_1,F32A,20250516,53
2023_2817479101_1,F419,20250111,53
2023_2817488105_1,F909,20250510,20
2023_2817488105_1,K0889,20250708,20
2023_2817488105_1,F32A,20250202,20
2023_2817614104_1,R053,20250712,3
2023_2817614104_2,R053,20250712,3
2023_2817637104_1,K0889,20250715,14
2023_2817637104_1,M79662,20251022,15
2023_2817641101_1,L989,20250701,62
2023_2817641101_1,K219,20250930,62
2023_2817641101_1,E785,20251219,62
2023_2817641101_1,Z7902,20251115,62
2023_2817641101_1,M19012,20251202,62
2023_2817641101_1,M21162,20250914,62
2023_2817641101_1,G4733,20250722,62
2023_2817641101_1,G459,20251009,62
2023_2817641101_1,I10,20250701,62
2023_2817641101_1,C4359,20251124,62
2023_2817665101_1,E7800,20250312,64
2023_2817665101_1,I10,20250707,64
2023_2817665101_1,F419,20250115,63
2023_2817665101_1,M25761,20250919,64
2023_2817665102_1,I21A1,20250314,69
2023_2817665102_1,G5703,20250524,69
2023_2817665102_1,I10,20250104,68
2023_2817665102_1,E113293,20250927,69
2023_2817665102_1,K219,20251003,69
2023_2817665102_1,M532X2,20251020,69
2023_2817666101_1,M6289,20250402,23
2023_2817666101_1,F419,20251101,24
2023_2817666101_1,F4320,20250906,24
2023_2817666101_1,F32A,20251030,24
2023_2817666101_1,F4310,20250927,24
2023_2817703102_1,M1990,20250408,47
2023_2817703102_1,I10,20250921,47
2023_2817703102_1,M5416,20250731,47
2023_2817703102_2,I10,20250921,47
2023_2817703102_2,M1990,20250408,47
2023_2817703102_2,M5416,20250731,47
2023_2817714103_1,F419,20250522,10
2023_2817714103_1,F32A,20250111,10
2023_2817714104_1,F909,20250603,6
2023_2817741101_1,U071,20250729,38
2023_2817741101_1,J329,20251224,38
2023_2817741101_1,H6693,20251122,38
2023_2817741105_1,L988,20250618,8
2023_2817745102_1,H547,20251210,58
2023_2817873103_1,J329,20250718,14
2023_2817873103_1,F902,20250616,14
2023_2817874101_1,J029,20250314,45
2023_2817874101_1,K5792,20250125,45
2023_2817880101_1,E282,20250921,37
2023_2817880102_1,E1122,20250621,37
2023_2817880102_1,I10,20251112,38
2023_2817880102_1,R739,20250730,38
2023_2817880102_2,I10,20251112,38
2023_2817880102_2,E1122,20250621,37
2023_2817880102_2,R739,20250730,38
2023_2817883101_1,K0889,20250311,47
2023_2817883102_1,R21,20251021,48
2023_2817883102_1,U071,20251009,48
2023_2817883102_1,J45909,20250718,48
2023_2817900105_1,Z961,20250910,1
2023_2817927101_1,L600,20250531,68
2023_2817927101_1,H9192,20250522,68
2023_2817955102_1,J00,20250107,1
2023_2817955102_1,H10503,20251031,2
2023_2817972104_1,H6693,20250423,3
2023_2817989102_1,M6281,20251029,32
2023_2817989103_1,J45909,20250811,25
2023_2817989103_1,R519,20250513,25
2023_2818017101_1,H9190,20250810,54
2023_2818017101_1,I200,20251219,54
2023_2818017101_1,E785,20250207,53
2023_2818017101_1,I25118,20250325,54
2023_2818017101_1,K632,20250617,54
2023_2818017101_1,N393,20250210,53
2023_2818049101_1,G40901,20250802,54
2023_2818049101_1,J45909,20250826,54
2023_2818075105_1,B348,20250120,8
2023_2818103101_1,M19012,20250122,50
2023_2818103101_1,J9811,20250210,50
2023_2818103101_1,I10,20251123,51
2023_2818174103_1,U071,20250515,0
2023_2818174103_1,H663X3,20250531,0
2023_2818174103_1,Z005,20251128,0
2023_2818188103_1,E119,20250810,42
2023_2818188103_1,U071,20251002,42
2023_2818188103_1,E041,20250715,42
2023_2818205101_1,Z7181,20250221,25
2023_2818205101_1,N393,20250529,26
2023_2818205101_1,N8302,20250926,26
2023_2818205101_1,J984,20251203,26
2023_2818205101_1,K31A0,20250202,25
2023_2818213103_1,F909,20250602,5
2023_2818213103_1,N393,20250224,5
2023_2818213103_1,J029,20250129,5
2023_2818213103_1,H6692,20250319,5
2023_2818213103_1,R479,20250127,5
2023_2818222101_1,J111,20251206,39
2023_2818222101_1,G43109,20250425,38
2023_2818256103_1,E079,20251125,41
2023_2818256103_1,E119,20250604,41
2023_2818256103_1,E611,20250708,41
2023_2818256103_1,Z302,20250422,41
2023_2818309106_1,Z3800,20251014,0
2023_2818329102_1,M4156,20250219,47
2023_2818329102_1,G43909,20250803,48
2023_2818329102_1,J302,20250309,47
2023_2818340101_1,N329,20251127,60
2023_2818340101_1,M25561,20250309,60
2023_2818340101_1,M25552,20250725,60
2023_2818340101_1,J45909,20250829,60
2023_2818340101_1,I10,20250629,60
2023_2818340101_1,G5601,20250825,60
2023_2818365102_1,E039,20250420,61
2023_2818365102_1,E1142,20250406,61
2023_2818365102_1,E7800,20251116,61
2023_2818365102_1,I10,20250705,61
2023_2818365102_1,K2100,20250202,60
2023_2818411102_1,E1142,20250810,60
2023_2818453101_1,F4310,20251003,54
2023_2818481101_1,J309,20250130,37
2023_2818481101_1,R4589,20250708,37
2023_2818481101_1,R4589,20250315,37
2023_2818481101_1,Z09,20251218,38
2023_2818481101_1,Z006,20251109,38
2023_2818481101_1,Z006,20251018,38
2023_2818481101_1,Z635,20250906,38
2023_2818481101_1,M5416,20250612,37
2023_2818481101_1,M25612,20250728,37
2023_2818496101_1,F419,20250313,28
2023_2818496101_1,J320,20250724,28
2023_2818496101_1,Z3046,20251120,28
2023_2818496101_1,J209,20250726,28
2023_2818496101_1,R001,20251113,28
2023_2818496101_1,Z006,20250201,28
2023_2818496101_1,R221,20250915,28
2023_2818496101_1,M25572,20250908,28
2023_2818548103_1,L309,20250327,11
2023_2818548103_1,F902,20250314,11
2023_2818548103_1,R0602,20250830,11
2023_2818548103_1,L709,20250513,11
2023_2818629101_1,Z711,20251026,34
2023_2818629101_1,Z01810,20250828,33
2023_2818629101_1,M1711,20250403,33
2023_2818629101_1,Z302,20250906,34
2023_2818629101_2,Z302,20250906,34
2023_2818629101_2,M1711,20250403,33
2023_2818629101_2,Z01810,20250828,33
2023_2818629101_2,Z711,20251026,34
2023_2818688101_1,M25531,20250910,65
2023_2818688101_1,Z760,20250409,65
2023_2818688101_1,R4589,20250615,65
2023_2818688101_1,F419,20250522,65
2023_2818688101_1,R000,20251202,65
2023_2818688101_1,F4323,20250530,65
2023_2818688101_1,M5412,20250525,65
2023_2818688101_1,M25752,20250512,65
2023_2818688101_1,M5450,20250115,64
2023_2818688101_1,J309,20250110,64
2023_2818688101_1,F32A,20250827,65
2023_2818688101_1,K30,20250811,65
2023_2818688101_1,F419,20250603,65
2023_2818688101_1,H4010X2,20250828,65
2023_2818688101_1,U071,20250910,65
2023_2818688101_1,E785,20250719,65
2023_2818688101_1,I10,20250217,65
2023_2818694101_1,E785,20250325,33
2023_2818761103_1,F419,20250930,21
2023_2818776101_1,M5416,20250919,43
2023_2818776101_1,B349,20250123,43
2023_2818776101_1,Z30430,20250928,43
2023_2818838102_1,K219,20250826,46
2023_2818838102_1,R519,20250925,46
2023_2818971101_1,G4730,20250509,59
2023_2818971101_1,E785,20250717,59
2023_2818971101_1,J029,20250311,59
2023_2819018101_1,I10,20250203,42
2023_2819025101_1,C44329,20250330,63
2023_2819025101_1,I10,20250412,63
2023_2819025101_1,M532X2,20250221,63
2023_2819025101_1,H52221,20250326,63
2023_2819025101_1,J301,20250422,63
2023_2819025101_1,M5450,20250324,63
2023_2819025101_1,E785,20250424,63
2023_2819044101_1,R21,20251207,67
2023_2819044101_1,K5000,20250729,67
2023_2819044101_1,M778,20251108,67
2023_2819044101_1,J40,20250117,67
2023_2819044101_1,E7800,20250108,67
2023_2819044101_1,Z1389,20250620,67
2023_2819044101_1,R053,20251011,67
2023_2819044101_1,M5414,20250629,67
2023_2819061104_1,R509,20250418,1
2023_2819061104_1,R053,20250204,1
2023_2819088102_1,N393,20250909,45
2023_2819088102_1,M797,20250915,45
2023_2819114102_1,E1169,20250608,63
2023_2819114102_1,E785,20250728,63
2023_2819118101_1,Z1389,20250304,37
2023_2819121101_1,K760,20250511,52
2023_2819121101_1,I10,20250103,52
2023_2819121101_1,E785,20250405,52
2023_2819121101_1,J45909,20250129,52
2023_2819121101_1,R7303,20250401,52
2023_2819121101_1,E049,20250806,53
2023_2819146105_1,F909,20250609,13
2023_2819166103_1,K760,20250818,62
2023_2819166103_1,M5416,20251101,62
2023_2819166103_1,J45909,20251031,62
2023_2819166103_1,J439,20250523,61
2023_2819166103_1,I10,20250325,61
2023_2819166103_1,Z1211,20251211,62
2023_2819166103_1,E785,20250510,61
2023_2819166103_1,R12,20251024,62
2023_2819166103_1,M25531,20251027,62
2023_2819166103_1,N420,20251124,62
2023_2819166103_1,K5090,20250324,61
2023_2819166103_1,J441,20251001,62
2023_2819192103_1,J45909,20251104,25
2023_2819192103_1,F4310,20251110,25
2023_2819204101_1,Z1211,20251128,47
2023_2819204101_1,F4310,20250207,46
2023_2819204101_1,I10,20250731,47
2023_2819204101_1,G4730,20251008,47
2023_2819204101_1,S99192A,20251227,47
2023_2819204101_1,K219,20251219,47
2023_2819204101_1,Z13810,20251213,47
2023_2819234102_1,M7918,20250430,45
2023_2819234102_1,M5414,20250829,46
2023_2819309102_1,M5416,20250825,30
2023_2819322104_1,H9202,20250709,6
2023_2819346103_1,F419,20250514,10
2023_2819346103_1,F909,20251106,10
2023_2819346103_1,H6693,20250313,10
2023_2819346103_1,J029,20250204,10
2023_2819351103_1,I10,20251119,24
2023_2819351103_1,Z23,20250611,24
2023_2819351103_1,Z01812,20250423,23
2023_2819351103_1,E538,20250318,23
2023_2819439101_1,I10,20250103,45
2023_2819439101_1,R011,20250906,45
2023_2819488102_1,B351,20250812,28
2023_2819552101_1,E1122,20251109,59
2023_2819555103_1,H10402,20250315,6
2023_2819555103_1,R059,20250304,6
2023_2819555103_2,R059,20250304,6
2023_2819555103_2,H10402,20250315,6
2023_2819569102_1,M25562,20250905,52
2023_2819569102_1,I10,20250822,52
2023_2819569102_1,E785,20250422,52
2023_2819569102_1,K219,20250312,52
2023_2819569102_1,R569,20250419,52
2023_2819569102_1,M542,20250628,52
2023_2819582101_1,Z3042,20251118,45
2023_2819589102_1,J111,20251211,50
2023_2819589102_1,N19,20250102,49
2023_2819610101_1,L03116,20250821,41
2023_2819610101_1,G4733,20250710,41
2023_2819610101_1,M48061,20250225,41
2023_2819610101_1,I10,20251007,41
2023_2819610101_1,E785,20250801,41
2023_2819610101_1,K589,20251101,42
2023_2819610101_1,U071,20250321,41
2023_2819610101_1,H6691,20250902,41
2023_2819610101_1,K219,20250824,41
2023_2819612101_1,L987,20250130,43
2023_2819612101_1,I743,20250226,43
2023_2819621101_1,J111,20251021,65
2023_2819621101_1,E785,20251214,65
2023_2819621101_1,E039,20251210,65
2023_2819621101_1,N400,20250616,65
2023_2819621101_1,I255,20250828,65
2023_2819621101_1,R7303,20251107,65
2023_2819621101_1,K469,20250522,65
2023_2819635101_1,E785,20250717,49
2023_2819643101_1,E7800,20250108,70
2023_2819643101_1,R21,20251005,71
2023_2819643101_1,I10,20250605,70
2023_2819644103_1,E1140,20250930,54
2023_2819644103_1,J45909,20250221,53
2023_2819644103_1,C9500,20250507,53
2023_2819644103_2,C9500,20250507,53
2023_2819644103_2,E1140,20250930,54
2023_2819644103_2,J45909,20250221,53
2023_2819650102_1,K219,20250722,39
2023_2819650102_1,S6991XA,20250709,39
2023_2819659101_1,E785,20250822,49
2023_2819659101_1,M25762,20251113,49
2023_2819660101_1,E785,20250920,53
2023_2819660101_1,I10,20250508,53
2023_2819660101_1,J111,20250301,53
2023_2819660101_1,J189,20250430,53
2023_2819660101_1,I5032,20250828,53
2023_2819663102_1,Z09,20250605,57
2023_2819663102_1,Z7682,20250623,57
2023_2819663102_1,L089,20250126,56
2023_2819663102_1,T883XXA,20250401,57
2023_2819663102_1,U071,20250701,57
2023_2819671101_1,M25851,20250804,54
2023_2819671101_1,M25762,20250910,54
2023_2819671101_1,Z781,20250730,54
2023_2819671101_1,H04221,20250810,54
2023_2819671101_1,F4321,20251101,54
2023_2819671101_1,M1990,20250724,54
2023_2819671101_2,H04221,20250810,54
2023_2819671101_2,Z781,20250730,54
2023_2819671101_2,F4321,20251101,54
2023_2819671101_2,M25851,20250804,54
2023_2819671101_2,M25762,20250910,54
2023_2819671101_2,M1990,20250724,54
2023_2819705101_1,R221,20251218,51
2023_2819705101_1,N393,20250908,50
2023_2819705101_1,M5416,20251016,50
2023_2819705101_1,M722,20250115,50
2023_2819705101_1,G43909,20250502,50
2023_2819705101_1,M79671,20251104,50
2023_2819705101_1,K589,20250922,50
2023_2819748101_1,F329,20251021,36
2023_2819788101_1,Z2914,20250624,36
2023_2819788101_1,K589,20250125,36
2023_2819788101_1,B079,20250504,36
2023_2819788101_1,N2889,20250629,36
